player,nationality,position,squad,age,birth_year,minutes_90s,touches,touches_def_pen_area,touches_def_3rd,touches_mid_3rd,touches_att_3rd,touches_att_pen_area,touches_live_ball,dribbles_completed,dribbles,dribbles_completed_pct,players_dribbled_past,nutmegs,carries,carry_distance,carry_progressive_distance,progressive_carries,carries_into_final_third,carries_into_penalty_area,miscontrols,dispossessed,pass_targets,passes_received,passes_received_pct,progressive_passes_received,matches
Ismael Aaneba,fr FRA,"FW,DF",Strasbourg,21-260,1999,0.1,4,2,4,1,0,0,4,0,0,,0,0,2,10,4,0,0,0,0,0,3,1,33.3,0,Matches
Yunis Abdelhamid,ma MAR,DF,Reims,33-138,1987,23.0,1470,194,819,722,26,14,1434,5,9,55.6,5,1,933,5016,2714,42,3,0,5,12,988,962,97.4,5,Matches
Mehdi Abeid,dz ALG,MF,Nantes,28-191,1992,14.7,869,26,222,550,174,13,825,23,32,71.9,23,0,595,3510,1695,60,22,2,6,18,628,565,90.0,14,Matches
Laurent Abergel,fr FRA,MF,Lorient,28-012,1993,18.9,1094,24,332,664,164,9,1070,8,15,53.3,8,0,747,3139,1632,57,13,1,19,24,775,712,91.9,18,Matches
Charles Abi,fr FRA,FW,Saint-Étienne,20-307,2000,4.6,137,4,14,69,58,18,129,7,11,63.6,7,0,72,257,107,6,3,2,15,7,214,99,46.3,24,Matches
Pape Abou Cisse,sn SEN,DF,Saint-Étienne,25-152,1995,2.0,135,19,94,44,3,3,131,0,0,,0,0,71,382,222,2,0,0,0,0,76,76,100.0,0,Matches
Yacine Adli,fr FRA,MF,Bordeaux,20-199,2000,14.2,1044,25,235,667,209,12,1010,36,49,73.5,37,2,744,3687,2081,91,24,5,17,27,829,763,92.0,22,Matches
Nayef Aguerd,ma MAR,DF,Rennes,24-320,1996,21.0,1873,172,818,1118,46,26,1825,4,7,57.1,5,0,1282,6008,3399,80,9,0,2,8,1420,1404,98.9,4,Matches
Ruben Aguilar,fr FRA,DF,Monaco,27-293,1993,18.2,1472,41,334,728,496,36,1287,20,34,58.8,22,2,892,4585,2817,135,39,3,18,21,1056,914,86.6,83,Matches
Matteo Ahlinvi,bj BEN,MF,Nîmes,21-226,1999,8.6,393,13,97,255,82,12,387,15,19,78.9,16,0,292,1757,1034,33,9,2,18,16,313,268,85.6,19,Matches
Jean-Eudes Aholou,ci CIV,MF,Strasbourg,26-330,1994,13.2,628,26,139,406,117,17,624,10,14,71.4,12,1,395,1682,845,33,13,0,13,16,446,391,87.7,16,Matches
Jean-Eudes Aholou,ci CIV,MF,Monaco,26-330,1994,0.4,17,1,9,6,3,2,17,0,0,,0,0,6,27,12,1,0,0,1,0,12,10,83.3,2,Matches
Rayan Aït Nouri,fr FRA,DF,Angers,19-252,2001,2.1,173,2,39,101,48,5,153,8,10,80.0,9,0,133,537,367,19,6,1,4,4,137,128,93.4,7,Matches
Ludovic Ajorque,re REU,FW,Strasbourg,26-354,1994,20.7,759,28,76,406,314,105,711,10,17,58.8,10,0,396,1804,929,52,14,15,47,21,943,564,59.8,156,Matches
Marley Aké,fr FRA,FW,Marseille,20-039,2001,1.6,65,1,10,27,29,8,63,4,7,57.1,5,0,41,205,119,6,0,2,3,8,99,47,47.5,16,Matches
Sofiane Alakouch,fr FRA,DF,Nîmes,22-199,1998,8.1,538,24,193,258,111,7,459,10,18,55.6,11,0,318,1391,855,28,6,2,4,8,318,295,92.8,14,Matches
Mohamed Ali Cho,fr FRA,"FW,MF",Angers,17-025,2004,2.0,112,1,13,50,60,10,111,3,8,37.5,3,0,82,383,287,17,8,1,13,9,120,77,64.2,20,Matches
Rachid Alioui,ma MAR,FW,Angers,28-240,1992,0.2,12,0,2,6,4,1,12,1,1,100.0,1,0,7,4,2,0,0,0,3,2,9,8,88.9,3,Matches
Saturnin Allagbé,bj BEN,GK,Dijon,27-083,1993,4.0,141,123,141,0,0,0,106,2,2,100.0,2,0,75,254,99,0,0,0,0,0,69,69,100.0,0,Matches
Ibrahim Amadou,fr FRA,MF,Angers,27-313,1993,9.7,482,19,127,309,64,11,473,5,6,83.3,5,0,305,1084,564,17,4,4,4,12,347,315,90.8,3,Matches
Romain Amalfitano,fr FRA,"FW,DF",Dijon,31-170,1989,1.3,69,4,20,33,24,0,63,1,1,100.0,1,0,44,313,188,13,3,0,0,3,53,47,88.7,1,Matches
Jordan Amavi,fr FRA,DF,Marseille,26-341,1994,8.2,524,35,192,261,107,9,461,11,19,57.9,12,0,269,1207,674,29,12,3,6,12,300,276,92.0,22,Matches
Thierry Ambrose,fr FRA,FW,Metz,23-322,1997,5.4,257,3,13,144,121,25,246,13,20,65.0,13,0,193,1071,574,25,13,4,13,31,310,197,63.5,53,Matches
Joachim Andersen,dk DEN,DF,Lyon,24-258,1996,2.1,138,15,68,64,14,2,132,0,0,,0,0,82,455,251,9,2,0,0,4,98,96,98.0,2,Matches
Benjamin André,fr FRA,MF,Lille,30-194,1990,20.4,1493,44,305,1011,251,23,1476,21,32,65.6,22,0,880,3949,1824,86,21,1,16,36,1072,976,91.0,58,Matches
Victorien Angban,ci CIV,MF,Metz,24-137,1996,16.4,912,21,224,561,194,9,896,22,29,75.9,22,0,693,3310,1538,55,16,0,18,31,681,643,94.4,27,Matches
Houssem Aouar,fr FRA,MF,Lyon,22-228,1998,14.0,926,6,81,494,428,93,898,34,53,64.2,37,0,725,3726,2407,119,32,17,29,38,895,766,85.6,109,Matches
Adil Aouchiche,fr FRA,"MF,FW",Saint-Étienne,18-213,2002,12.4,674,7,80,367,283,32,590,26,43,60.5,29,4,460,2787,1569,76,19,10,24,31,565,473,83.7,67,Matches
Dennis Appiah,fr FRA,DF,Nantes,28-249,1992,9.8,629,33,227,292,146,9,527,6,9,66.7,7,0,308,1553,880,44,14,2,7,10,354,319,90.1,19,Matches
Luiz Araújo,br BRA,MF,Lille,24-256,1996,10.7,552,7,68,273,275,35,540,31,52,59.6,33,2,418,2699,1592,82,22,10,17,22,469,389,82.9,59,Matches
Karim Aribi,dz ALG,FW,Nîmes,26-234,1994,2.7,90,2,14,41,44,14,81,3,6,50.0,3,0,44,185,86,3,2,1,10,6,155,61,39.4,17,Matches
Roger Assalé,ci CIV,"FW,MF",Dijon,27-092,1993,4.9,178,1,27,90,80,12,177,13,18,72.2,13,0,141,919,556,27,11,4,14,14,217,135,62.2,32,Matches
Youcef Attal,dz ALG,DF,Nice,24-272,1996,5.4,432,17,139,198,133,10,370,11,18,61.1,11,1,267,1430,899,39,8,4,13,11,303,266,87.8,13,Matches
Jean-Kévin Augustin,fr FRA,FW,Nantes,23-242,1997,0.4,8,0,1,7,2,0,6,0,0,,0,0,3,11,0,0,1,0,1,0,14,5,35.7,1,Matches
Ludovic Baal,gf GUF,DF,Brest,34-265,1986,3.2,274,19,105,155,27,0,254,6,7,85.7,6,1,186,920,522,14,1,0,3,3,194,185,95.4,2,Matches
Loïc Bade,fr FRA,DF,Lens,20-308,2000,17.0,1325,180,763,650,29,8,1310,11,11,100.0,11,0,840,6094,3580,53,9,1,6,7,867,853,98.4,5,Matches
Stéphane Bahoken,cm CMR,FW,Angers,28-261,1992,11.2,410,7,17,219,199,56,382,11,20,55.0,13,1,276,1202,598,35,12,10,39,25,590,301,51.0,98,Matches
Mitchel Bakker,nl NED,DF,Paris S-G,20-238,2000,15.1,1191,47,269,563,422,21,1094,12,20,60.0,12,2,803,2863,1352,66,28,2,12,13,902,845,93.7,49,Matches
Dilane Bakwa,fr FRA,"FW,MF",Bordeaux,18-171,2002,0.6,58,0,4,41,13,1,58,1,3,33.3,1,0,47,248,85,6,0,1,3,1,58,49,84.5,3,Matches
Leonardo Balerdi,ar ARG,"DF,MF",Marseille,22-018,1999,6.5,393,44,227,184,17,10,382,2,6,33.3,2,0,232,1203,616,9,1,0,3,4,261,250,95.8,2,Matches
Fodé Ballo-Touré,fr FRA,DF,Monaco,24-041,1997,6.3,428,11,97,228,125,16,367,2,7,28.6,3,0,266,1308,733,31,10,5,6,6,306,274,89.5,26,Matches
Abdoulaye Bamba,ci CIV,DF,Angers,30-294,1990,10.3,694,24,206,361,156,5,562,3,6,50.0,4,1,402,1274,699,24,12,0,5,5,437,406,92.9,16,Matches
Jonathan Bamba,fr FRA,MF,Lille,24-324,1996,22.6,1481,21,162,784,677,61,1391,37,77,48.1,37,5,1129,6291,3391,177,61,19,46,67,1319,1108,84.0,185,Matches
Robson Bambu,br BRA,DF,Nice,23-093,1997,9.6,729,124,450,300,20,3,696,1,2,50.0,1,0,486,3071,1615,35,1,0,1,7,530,518,97.7,2,Matches
Simon Banza,fr FRA,FW,Lens,24-184,1996,10.4,369,11,26,186,168,51,363,7,14,50.0,7,0,201,886,490,25,10,3,35,22,466,268,57.5,84,Matches
Danilo Barbosa,br BRA,DF,Nice,24-351,1996,2.8,229,34,125,115,4,1,227,1,1,100.0,1,0,163,1152,653,20,0,0,1,1,170,168,98.8,0,Matches
Melvin Bard,fr FRA,DF,Lyon,20-099,2000,3.4,342,7,73,167,124,9,292,7,10,70.0,8,1,202,1004,701,40,11,4,6,4,204,193,94.6,12,Matches
Toma Bašić,hr CRO,MF,Bordeaux,24-080,1996,21.3,1185,34,258,759,246,34,1139,17,27,63.0,18,0,851,4504,1891,80,20,1,34,20,991,889,89.7,47,Matches
Cristian Battocchio,it ITA,"MF,FW",Brest,29-003,1992,3.9,235,8,52,129,61,2,214,4,5,80.0,4,0,155,600,305,15,3,0,2,2,189,162,85.7,8,Matches
Paul Baysse,fr FRA,DF,Bordeaux,32-271,1988,19.7,1363,165,731,689,17,8,1327,2,2,100.0,2,0,889,4237,2488,53,2,0,5,3,994,972,97.8,5,Matches
Haris Belkebla,dz ALG,MF,Brest,27-016,1994,20.7,1194,80,381,683,197,12,1173,17,25,68.0,17,0,866,4173,2098,60,11,2,14,19,873,821,94.0,28,Matches
Jean-Ricner Bellegarde,fr FRA,"MF,FW",Strasbourg,22-231,1998,15.4,750,15,108,414,298,42,724,34,53,64.2,35,1,573,3444,1751,85,23,15,38,40,632,512,81.0,60,Matches
Hatem Ben Arfa,fr FRA,"MF,FW",Bordeaux,33-343,1987,13.8,806,1,58,475,358,43,706,59,84,70.2,59,2,633,4040,2353,126,38,17,31,59,748,620,82.9,74,Matches
Salim Ben Seghir,fr FRA,DF,Nice,17-355,2003,0.1,9,0,1,5,3,0,9,1,1,100.0,1,0,8,33,18,2,0,0,1,0,7,7,100.0,2,Matches
Wissam Ben Yedder,fr FRA,FW,Monaco,30-185,1990,18.4,768,3,45,365,410,114,708,27,43,62.8,30,0,518,2498,1571,92,27,20,42,41,889,563,63.3,176,Matches
Samy Benchama,fr FRA,MF,Montpellier,20-233,2000,0.0,4,0,0,1,3,0,4,0,1,0.0,0,0,3,4,0,0,0,0,0,0,3,3,100.0,0,Matches
Darío Benedetto,ar ARG,FW,Marseille,30-272,1990,15.2,454,15,31,243,205,58,441,12,24,50.0,16,3,251,991,331,25,8,7,35,27,661,344,52.0,114,Matches
Walter Benítez,ar ARG,GK,Nice,27-331,1993,23.0,831,770,829,2,0,0,605,0,0,,0,0,380,1435,737,0,0,0,1,0,397,395,99.5,0,Matches
Loris Benito,ch SUI,DF,Bordeaux,29-037,1992,18.7,1322,71,486,704,194,11,1135,3,6,50.0,4,1,802,4195,1887,66,24,1,5,7,866,815,94.1,19,Matches
Bilal Benkhedim,fr FRA,FW,Saint-Étienne,19-299,2001,0.8,59,0,5,30,27,3,51,2,2,100.0,2,0,40,202,93,5,1,0,6,1,49,39,79.6,5,Matches
Djamel Benlamri,dz ALG,DF,Lyon,31-050,1989,0.8,46,8,22,27,0,0,46,0,0,,0,0,23,118,61,1,0,0,0,0,28,28,100.0,0,Matches
Yassine Benrahou,fr FRA,MF,Nîmes,22-020,1999,6.2,381,5,51,190,164,17,330,9,18,50.0,9,0,252,1182,639,30,14,3,13,23,328,262,79.9,27,Matches
Valon Berisha,xk KVX,MF,Reims,28-006,1993,15.1,1039,24,197,626,295,23,957,8,15,53.3,9,0,692,3993,2351,111,37,2,14,16,832,740,88.9,51,Matches
Paul Bernardoni,fr FRA,GK,Angers,23-301,1997,24.0,652,557,650,2,0,0,420,0,0,,0,0,260,1117,688,0,0,0,0,0,198,198,100.0,0,Matches
Juan Bernat,es ESP,DF,Paris S-G,27-349,1993,2.2,157,6,34,69,58,2,139,3,5,60.0,3,0,106,306,119,8,2,0,1,4,111,107,96.4,5,Matches
Dimitry Bertaud,fr FRA,GK,Montpellier,22-252,1998,5.3,194,167,194,1,0,0,124,0,0,,0,0,87,396,230,0,0,0,0,0,70,70,100.0,0,Matches
Giulian Biancone,fr FRA,"DF,MF",Monaco,20-319,2000,1.0,109,5,22,47,47,4,99,1,3,33.3,1,0,63,374,209,10,2,2,2,3,78,72,92.3,8,Matches
El Bilal Touré,ml MLI,"FW,MF",Reims,19-133,2001,9.3,294,14,33,170,110,28,274,7,14,50.0,9,1,145,641,318,16,7,5,24,16,400,188,47.0,53,Matches
Ludovic Blas,fr FRA,"MF,FW",Nantes,23-044,1997,17.5,795,6,81,466,321,64,768,58,96,60.4,66,3,627,3431,1822,96,30,9,32,51,737,574,77.9,114,Matches
Antonin Bobichon,fr FRA,"FW,MF",Angers,25-152,1995,5.0,290,2,27,155,134,14,265,9,12,75.0,9,1,207,1081,522,29,12,3,6,14,252,199,79.0,34,Matches
Sacha Boey,fr FRA,DF,Rennes,20-153,2000,1.4,105,0,28,56,24,2,87,0,2,0.0,1,0,56,137,61,2,0,0,3,2,64,60,93.8,2,Matches
Sacha Boey,fr FRA,DF,Dijon,20-153,2000,14.0,905,63,309,422,215,12,737,13,22,59.1,14,0,426,2014,994,42,10,2,13,18,518,452,87.3,29,Matches
Quentin Boisgard,fr FRA,"FW,MF",Lorient,23-333,1997,11.8,585,5,76,231,320,27,503,19,23,82.6,20,0,359,1714,948,52,17,4,29,38,483,362,74.9,72,Matches
Sven Botman,nl NED,DF,Lille,21-032,2000,24.0,1898,174,966,1002,36,17,1865,6,6,100.0,6,0,1207,5752,2870,80,6,0,5,3,1386,1357,97.9,4,Matches
Denis Bouanga,ga GAB,"FW,MF",Saint-Étienne,26-094,1994,19.0,794,25,126,358,364,111,757,40,83,48.2,41,1,505,2566,1704,90,27,17,66,43,916,533,58.2,134,Matches
Hicham Boudaoui,dz ALG,"MF,FW",Nice,21-143,1999,10.5,619,23,155,349,158,15,615,10,17,58.8,12,0,404,2146,1041,47,16,4,20,15,528,440,83.3,38,Matches
Ryad Boudebouz,dz ALG,"MF,FW",Saint-Étienne,30-360,1990,6.0,437,1,59,250,166,11,390,15,19,78.9,15,1,300,1513,864,33,12,0,13,15,401,322,80.3,30,Matches
Sofiane Boufal,ma MAR,"FW,MF",Angers,27-149,1993,4.2,236,1,46,117,102,15,229,27,40,67.5,30,0,201,1095,681,30,12,2,5,23,203,165,81.3,17,Matches
Farid Boulaya,dz ALG,"MF,FW",Metz,27-354,1993,19.6,1190,10,135,681,491,46,1028,44,65,67.7,46,2,828,5968,2885,144,54,16,37,29,984,802,81.5,85,Matches
Ismaëlben Boura,fr FRA,DF,Lens,20-183,2000,6.8,446,13,101,240,138,6,370,12,17,70.6,12,0,269,1347,823,39,15,1,17,11,281,247,87.9,17,Matches
Benjamin Bourigeaud,fr FRA,MF,Rennes,27-030,1994,17.0,1332,24,178,734,471,37,1189,4,8,50.0,5,0,791,2815,1277,57,24,3,15,11,1055,939,89.0,66,Matches
John Boye,gh GHA,DF,Metz,33-296,1987,21.4,1022,159,628,405,24,12,999,4,4,100.0,4,0,538,2181,724,8,1,0,5,5,581,567,97.6,3,Matches
Umut Bozok,tr TUR,"FW,MF",Lorient,24-147,1996,0.7,43,0,3,25,19,3,43,2,4,50.0,2,0,33,164,69,6,4,0,6,1,47,34,72.3,10,Matches
Domagoj Bradarić,hr CRO,DF,Lille,21-065,1999,13.3,981,34,253,505,290,16,868,9,13,69.2,9,1,594,2976,1916,98,26,6,7,11,651,611,93.9,51,Matches
Lilian Brassier,fr FRA,DF,Brest,21-103,1999,2.0,131,20,59,58,23,0,115,2,2,100.0,2,0,83,386,224,10,4,0,0,5,85,78,91.8,5,Matches
Anthony Briançon,fr FRA,DF,Nîmes,26-077,1994,12.0,870,133,563,349,18,5,831,1,2,50.0,1,0,526,2944,1634,29,8,0,0,0,587,576,98.1,0,Matches
Jimmy Briand,fr FRA,FW,Bordeaux,35-195,1985,5.5,208,3,26,121,63,15,204,1,3,33.3,1,0,116,450,167,9,1,1,15,12,267,159,59.6,34,Matches
Dylan Bronn,tn TUN,DF,Metz,25-239,1995,24.0,1253,147,673,635,45,12,1211,10,11,90.9,10,0,812,4458,2686,73,10,0,4,10,830,813,98.0,4,Matches
Lucas Buadés,fr FRA,FW,Nîmes,23-047,1997,0.0,0,0,0,0,0,0,0,0,0,,0,0,0,0,0,0,0,0,0,0,1,0,0.0,0,Matches
Patrick Burner,fr FRA,DF,Nice,24-308,1996,0.0,0,0,0,0,0,0,0,0,0,,0,0,0,0,0,0,0,0,0,0,0,0,,0,Matches
Patrick Burner,fr FRA,DF,Nîmes,24-308,1996,10.2,584,39,209,277,123,5,469,7,12,58.3,8,0,300,1267,782,29,10,2,5,6,334,302,90.4,8,Matches
Marcin Bułka,pl POL,GK,Paris S-G,21-132,1999,1.0,32,29,31,1,0,0,30,0,0,,0,0,21,90,33,0,0,0,0,0,16,16,100.0,0,Matches
Jimmy Cabot,fr FRA,FW,Angers,26-301,1994,8.0,428,4,84,202,180,23,419,27,51,52.9,31,4,328,1682,893,47,17,6,15,17,376,292,77.7,44,Matches
Anthony Caci,fr FRA,DF,Strasbourg,23-227,1997,17.5,1281,48,449,667,250,8,1088,16,24,66.7,16,1,783,3805,1980,72,26,2,11,11,780,748,95.9,21,Matches
Mathieu Cafaro,fr FRA,"MF,FW",Reims,23-325,1997,15.4,739,14,129,372,300,31,701,15,34,44.1,16,1,515,3215,1921,89,28,10,32,22,619,523,84.5,69,Matches
Yannick Cahuzac,fr FRA,MF,Lens,36-026,1985,15.3,712,35,137,473,123,7,686,4,7,57.1,5,0,364,1797,958,50,9,0,11,5,480,426,88.8,25,Matches
Marc-Aurèle Caillard,fr FRA,GK,Metz,26-277,1994,1.0,31,31,31,0,0,0,24,0,0,,0,0,15,50,27,0,0,0,0,0,12,12,100.0,0,Matches
Duje Ćaleta-Car,hr CRO,DF,Marseille,24-149,1996,19.9,1311,206,762,582,26,14,1267,4,4,100.0,4,0,743,3630,1811,38,5,0,1,0,892,869,97.4,8,Matches
Mahdi Camara,fr FRA,"MF,DF",Saint-Étienne,22-228,1998,22.8,1357,63,388,873,195,20,1307,19,27,70.4,19,1,874,5194,2681,118,30,2,17,22,975,891,91.4,29,Matches
Eduardo Camavinga,fr FRA,MF,Rennes,18-095,2002,15.6,1144,17,205,798,261,17,1127,24,35,68.6,24,1,802,4562,2724,100,41,5,30,18,959,877,91.4,55,Matches
Pierrick Capelle,fr FRA,"MF,FW",Angers,33-304,1987,13.4,818,35,189,444,234,29,791,13,27,48.1,16,0,524,2432,1030,47,19,1,25,26,654,539,82.4,57,Matches
Maxence Caqueret,fr FRA,MF,Lyon,20-364,2000,11.1,704,15,99,420,223,21,696,17,26,65.4,18,1,478,2230,972,46,15,1,16,26,534,498,93.3,41,Matches
Irvin Cardona,fr FRA,FW,Brest,23-189,1997,15.6,535,20,63,219,288,92,503,10,21,47.6,10,0,323,1763,1059,59,12,17,49,21,656,399,60.8,148,Matches
Lionel Carole,fr FRA,DF,Strasbourg,29-307,1991,10.0,688,31,223,356,157,7,571,3,9,33.3,3,0,374,2171,1319,49,21,2,10,3,397,368,92.7,18,Matches
Moreto Cassamã,gw GNB,MF,Reims,22-363,1998,12.9,929,38,329,599,74,2,907,18,19,94.7,18,1,693,3279,1581,44,12,0,7,11,697,666,95.6,11,Matches
Jean-Charles Castelletto,cm CMR,DF,Nantes,26-018,1995,10.5,542,76,292,253,13,8,520,3,3,100.0,3,0,299,1251,686,13,2,0,2,1,298,292,98.0,1,Matches
Zeki Çelik,tr TUR,DF,Lille,23-362,1997,14.8,1001,47,299,545,217,23,837,15,21,71.4,15,1,573,2808,1661,76,16,6,12,10,620,572,92.3,35,Matches
Bersant Celina,xk KVX,"MF,FW",Dijon,24-157,1996,15.5,770,6,83,421,326,27,681,20,36,55.6,23,1,501,2610,1565,80,33,3,27,24,719,543,75.5,92,Matches
Fabien Centonze,fr FRA,DF,Metz,25-028,1996,23.0,1454,108,525,642,381,18,1225,44,75,58.7,51,4,781,5116,3311,136,43,3,29,28,791,689,87.1,39,Matches
Fouad Chafik,ma MAR,DF,Dijon,34-120,1986,10.9,733,48,281,392,130,4,620,9,13,69.2,9,0,411,2742,1707,59,22,2,3,8,450,428,95.1,8,Matches
Mehdi Chahiri,ma MAR,"FW,MF",Strasbourg,24-203,1996,8.0,380,4,43,177,189,27,373,26,40,65.0,27,1,295,1267,651,31,12,4,24,27,376,266,70.7,64,Matches
Aníbal Chalá,ec ECU,DF,Dijon,24-280,1996,4.4,297,19,116,157,43,1,255,3,5,60.0,3,0,171,1006,635,22,4,1,3,1,191,178,93.2,6,Matches
Trevoh Chalobah,eng ENG,"MF,DF",Lorient,21-223,1999,11.6,664,49,207,400,98,8,644,22,32,68.8,24,0,410,1636,904,32,14,1,15,13,429,399,93.0,12,Matches
Gaëtan Charbonnier,fr FRA,"MF,FW",Brest,32-048,1988,9.8,526,10,41,262,245,49,494,19,24,79.2,19,2,356,1154,469,33,17,3,28,17,570,406,71.2,96,Matches
Brendan Chardonnet,fr FRA,DF,Brest,26-053,1994,16.2,1095,209,686,440,49,21,1066,1,1,100.0,1,0,679,3562,2099,50,13,0,3,1,733,724,98.8,3,Matches
Xavier Chavalerin,fr FRA,MF,Reims,29-343,1991,15.4,688,33,221,379,121,14,674,9,11,81.8,9,0,381,1583,654,22,9,0,8,10,480,423,88.1,25,Matches
Pape Cheikh Diop,sn SEN,MF,Dijon,23-189,1997,11.3,670,26,199,435,84,5,659,10,15,66.7,11,0,455,2500,1442,50,7,1,8,12,506,471,93.1,8,Matches
Rayan Cherki,fr FRA,"FW,MF",Lyon,17-180,2003,4.8,266,0,17,121,155,28,258,26,36,72.2,26,1,241,1513,1058,66,13,8,12,12,257,218,84.8,42,Matches
Pedro Chirivella,es ESP,MF,Nantes,23-266,1997,12.4,741,10,152,530,97,9,724,2,5,40.0,2,0,493,2427,1264,37,5,0,8,7,590,545,92.4,19,Matches
Joris Chotard,fr FRA,MF,Montpellier,19-142,2001,8.6,313,18,93,167,63,9,300,8,11,72.7,9,3,157,645,303,20,2,1,11,7,210,169,80.5,23,Matches
Mounir Chouiar,fr FRA,"FW,MF",Dijon,22-021,1999,11.6,587,11,105,312,228,36,546,37,65,56.9,40,2,442,2386,1552,78,18,9,31,42,517,403,77.9,48,Matches
Sébastien Cibois,fr FRA,GK,Brest,22-348,1998,1.0,21,19,21,0,0,0,17,1,1,100.0,1,0,13,79,49,0,0,0,0,0,12,12,100.0,0,Matches
Alexis Claude-Maurice,fr FRA,"MF,FW",Nice,22-252,1998,7.8,345,7,49,164,167,19,333,11,19,57.9,12,0,274,1598,899,34,13,2,12,20,341,263,77.1,52,Matches
Jonathan Clauss,fr FRA,DF,Lens,28-141,1992,15.2,949,27,166,430,430,37,775,9,19,47.4,10,1,505,3237,2252,121,48,8,26,12,615,521,84.7,60,Matches
Marcus Coco,fr FRA,"MF,FW",Nantes,24-234,1996,12.5,646,12,93,334,267,33,634,25,38,65.8,25,1,448,2057,981,46,19,2,28,36,624,459,73.6,82,Matches
Racine Coly,sn SEN,DF,Nice,25-067,1995,0.2,21,1,6,16,2,0,17,0,0,,0,0,13,70,60,2,1,0,0,1,14,13,92.9,0,Matches
Daniel Congré,fr FRA,DF,Montpellier,35-314,1985,23.7,1292,148,663,665,50,18,1251,3,4,75.0,3,0,724,4086,2424,45,4,0,4,3,816,802,98.3,5,Matches
Sébastien Corchia,fr FRA,DF,Nantes,30-104,1990,14.2,841,35,193,397,292,17,638,9,28,32.1,11,2,443,2223,1276,68,20,6,11,9,518,431,83.2,23,Matches
Maxwel Cornet,ci CIV,"DF,FW",Lyon,24-139,1996,17.4,1304,56,409,620,346,40,1134,14,21,66.7,14,0,750,3843,2384,101,24,11,18,24,867,806,93.0,75,Matches
David Pereira da Costa,pt POR,"MF,DF",Lens,20-039,2001,0.4,29,0,4,17,10,0,28,0,0,,0,0,22,141,88,5,1,0,0,0,25,22,88.0,0,Matches
Benoît Costil,fr FRA,GK,Bordeaux,33-225,1987,24.0,908,769,900,10,0,0,632,2,2,100.0,2,0,439,1979,1059,0,0,0,0,0,397,393,99.0,0,Matches
Kalifa Coulibaly,ml MLI,FW,Nantes,29-176,1991,5.2,167,5,9,61,98,20,161,1,5,20.0,3,1,82,222,78,4,0,1,13,9,271,136,50.2,39,Matches
Lassana Coulibaly,ml MLI,MF,Angers,24-309,1996,12.7,677,33,158,450,121,12,668,13,22,59.1,14,0,440,2686,1019,56,17,2,13,10,441,392,88.9,15,Matches
Senou Coulibaly,ml MLI,DF,Dijon,26-162,1994,8.8,538,105,372,196,5,5,528,3,3,100.0,3,0,312,1659,863,12,0,0,1,2,361,348,96.4,0,Matches
Nicolas Cozza,fr FRA,DF,Montpellier,22-036,1999,7.6,389,59,200,178,37,6,369,1,3,33.3,2,1,229,1662,936,35,7,2,6,2,256,244,95.3,7,Matches
Adrián Cubas,py PAR,MF,Nîmes,24-267,1996,15.6,816,41,301,478,91,5,787,9,14,64.3,9,0,534,2317,1119,25,6,1,7,15,493,458,92.9,10,Matches
Mickaël Cuisance,fr FRA,MF,Marseille,21-181,1999,9.0,513,1,70,308,169,17,504,13,31,41.9,14,1,357,1547,656,35,9,4,20,32,505,388,76.8,53,Matches
Damien Da Silva,fr FRA,DF,Rennes,32-272,1988,19.0,1476,145,683,845,58,24,1461,7,7,100.0,7,0,986,6418,3545,90,13,0,0,3,1116,1101,98.7,5,Matches
Colin Dagba,fr FRA,DF,Paris S-G,22-157,1998,9.9,730,24,184,349,248,24,663,5,8,62.5,5,0,522,2318,1368,70,20,5,8,6,554,519,93.7,39,Matches
Flavius Daniliuc,at AUT,DF,Nice,19-292,2001,11.3,880,100,426,475,32,9,860,0,0,,0,0,607,3721,2283,77,6,0,3,1,673,661,98.2,2,Matches
Dante,br BRA,DF,Nice,37-118,1983,8.6,757,95,435,360,18,12,744,0,0,,0,0,550,3107,1750,24,4,0,4,1,622,614,98.7,7,Matches
Jonathan David,ca CAN,FW,Lille,21-030,2000,15.4,529,2,30,213,310,77,512,15,26,57.7,17,1,329,1491,842,42,11,12,29,32,691,383,55.4,151,Matches
Mattia De Sciglio,it ITA,DF,Lyon,28-116,1992,8.1,591,20,152,309,159,11,522,4,8,50.0,5,1,355,1830,988,41,9,3,7,3,386,361,93.5,27,Matches
Thibault De Smet,be BEL,DF,Reims,22-253,1998,4.4,345,8,92,196,84,3,308,2,3,66.7,2,0,201,1158,706,40,18,2,3,0,230,218,94.8,15,Matches
Lucas Deaux,fr FRA,"MF,DF",Nîmes,32-049,1988,13.7,887,62,360,466,127,16,859,14,18,77.8,14,1,529,2845,1636,36,11,1,16,14,654,602,92.0,24,Matches
Mathieu Debuchy,fr FRA,DF,Saint-Étienne,35-200,1985,11.9,883,43,260,423,236,22,722,12,18,66.7,14,1,434,1890,1087,49,17,1,11,10,496,447,90.1,20,Matches
Romain Del Castillo,fr FRA,"MF,FW",Rennes,24-321,1996,5.2,339,1,26,131,202,23,319,12,23,52.2,15,1,240,1194,659,39,7,5,11,6,320,247,77.2,63,Matches
Thomas Delaine,fr FRA,DF,Metz,28-326,1992,11.7,555,31,178,255,177,15,479,12,25,48.0,13,0,326,2475,1789,73,28,7,8,9,375,313,83.5,31,Matches
Jonathan Delaplace,fr FRA,DF,Lorient,34-330,1986,8.4,509,28,155,234,145,15,401,3,5,60.0,4,0,237,1108,551,28,8,2,11,2,284,236,83.1,15,Matches
Andy Delort,dz ALG,FW,Montpellier,29-127,1991,17.3,770,22,56,344,402,97,726,19,38,50.0,19,1,423,1842,967,59,15,11,44,24,949,584,61.5,178,Matches
Moussa Dembélé,fr FRA,FW,Lyon,24-216,1996,7.5,253,12,20,95,148,50,244,11,20,55.0,11,0,143,559,271,18,6,2,17,20,296,179,60.5,69,Matches
Jason Denayer,be BEL,DF,Lyon,25-230,1995,18.9,1305,168,609,744,41,6,1282,6,6,100.0,6,0,895,4652,2852,54,11,0,2,1,980,965,98.5,5,Matches
Kevin Denkey,tg TOG,FW,Nîmes,20-075,2000,5.8,184,3,8,90,96,32,172,5,12,41.7,5,0,115,413,170,10,0,4,15,7,250,126,50.4,58,Matches
Memphis Depay,nl NED,FW,Lyon,27-000,1994,20.1,1028,3,36,450,601,121,911,48,86,55.8,53,1,749,3178,1951,127,34,28,74,66,1153,784,68.0,224,Matches
Ángel Di María,ar ARG,"FW,MF",Paris S-G,32-365,1988,15.0,1063,14,77,440,641,58,962,33,68,48.5,38,6,799,4011,2377,130,50,18,31,29,983,840,85.5,132,Matches
Boulaye Dia,sn SEN,"FW,MF",Reims,24-089,1996,19.7,591,21,76,283,286,96,560,25,44,56.8,26,0,419,2120,1176,56,16,18,57,37,736,409,55.6,131,Matches
Abdou Diallo,fr FRA,DF,Paris S-G,24-285,1996,10.4,836,111,420,460,12,4,823,5,7,71.4,5,0,625,3256,1922,45,5,0,4,0,661,651,98.5,0,Matches
Habib Diallo,sn SEN,FW,Metz,25-240,1995,1.6,64,5,9,33,26,8,61,0,2,0.0,0,0,34,166,102,3,2,0,8,7,81,44,54.3,19,Matches
Habib Diallo,sn SEN,FW,Strasbourg,25-240,1995,15.5,507,11,51,253,227,59,494,11,23,47.8,11,1,354,1586,726,37,12,4,48,32,698,373,53.4,95,Matches
Ibrahima Diallo,fr FRA,MF,Brest,21-342,1999,4.9,316,6,79,212,50,2,309,7,9,77.8,8,0,230,1060,594,12,1,1,4,5,258,242,93.8,7,Matches
Stéphane Diarra,fr FRA,"FW,MF",Lorient,22-066,1998,1.9,108,1,18,45,53,6,104,3,11,27.3,3,0,79,365,119,6,0,0,6,11,98,79,80.6,26,Matches
Raphael Dias Belloli,br BRA,"FW,MF",Rennes,24-061,1996,4.5,200,3,25,85,104,19,182,13,28,46.4,14,2,141,677,460,25,7,3,5,7,187,139,74.3,31,Matches
Krepin Diatta,sn SEN,"MF,DF",Monaco,21-354,1999,2.3,119,2,14,51,64,3,112,7,9,77.8,8,0,79,421,216,11,1,2,6,7,104,76,73.1,10,Matches
Tristan Dingomé,cm CMR,MF,Reims,29-362,1991,0.2,16,0,5,8,3,0,16,0,0,,0,0,11,36,5,0,0,0,1,0,13,13,100.0,1,Matches
Sinaly Diomande,ci CIV,DF,Lyon,19-310,2001,8.5,618,85,302,313,43,12,607,6,8,75.0,6,0,391,1879,1152,28,8,0,1,1,435,426,97.9,5,Matches
Lois Diony,fr FRA,FW,Angers,28-055,1992,10.2,343,7,16,152,194,49,321,5,24,20.8,5,0,225,1154,654,40,10,11,31,23,546,258,47.3,95,Matches
Sofiane Diop,fr FRA,"MF,FW",Monaco,20-249,2000,18.1,1057,20,178,594,375,47,1029,32,52,61.5,35,1,757,4272,2316,100,30,13,25,33,898,732,81.5,99,Matches
Yehvann Diouf,fr FRA,GK,Reims,21-089,1999,1.5,52,44,52,0,0,0,39,1,1,100.0,1,0,26,156,83,0,0,0,0,0,20,20,100.0,0,Matches
Assane Dioussé,sn SEN,DF,Saint-Étienne,23-146,1997,0.0,1,0,1,0,0,0,1,0,0,,0,0,1,4,2,0,0,0,0,0,1,0,0.0,0,Matches
Axel Disasi,fr FRA,DF,Monaco,22-339,1998,14.1,1059,136,595,505,29,18,1038,4,4,100.0,4,0,735,4376,2661,55,0,0,2,4,774,761,98.3,3,Matches
Tiago Djaló,pt POR,DF,Lille,20-310,2000,6.3,520,20,148,294,114,4,458,7,13,53.8,8,0,319,1514,790,28,14,3,3,8,345,332,96.2,8,Matches
Alexander Djiku,gh GHA,"DF,MF",Strasbourg,26-188,1994,18.5,1084,127,593,524,44,10,1057,5,6,83.3,5,1,627,3158,1527,29,7,1,5,3,696,671,96.4,7,Matches
Mihai Dobre,ro ROU,"FW,MF",Dijon,22-167,1998,3.8,175,6,33,97,64,9,172,9,14,64.3,9,0,114,742,448,21,7,1,11,5,160,113,70.6,20,Matches
Jeremy Doku,be BEL,MF,Rennes,18-262,2002,13.7,738,4,75,306,439,49,733,37,68,54.4,47,0,658,3914,2424,145,34,17,33,37,754,582,77.2,86,Matches
Kasper Dolberg,dk DEN,FW,Nice,23-130,1997,11.1,291,12,21,172,108,31,269,6,9,66.7,6,0,181,597,201,11,5,2,22,27,376,207,55.1,74,Matches
Keagan Dolly,za RSA,MF,Montpellier,28-022,1993,4.5,199,3,30,94,93,6,186,4,8,50.0,5,1,130,755,427,21,10,2,6,7,180,133,73.9,19,Matches
Anastasios Donis,gr GRE,MF,Reims,24-168,1996,1.1,30,0,4,15,13,0,30,1,2,50.0,1,0,20,99,66,2,0,0,5,2,44,26,59.1,7,Matches
Lucas Douath,fr FRA,MF,Saint-Étienne,17-192,2003,9.1,471,22,167,309,41,2,465,6,13,46.2,7,0,321,2133,1034,32,8,0,6,9,312,286,91.7,4,Matches
Cheick Doucouré,ml MLI,MF,Lens,21-036,2000,17.5,1109,31,219,784,187,18,1099,21,28,75.0,21,1,696,3796,2026,107,30,6,17,13,778,726,93.3,38,Matches
Fodé Doucouré,ml MLI,DF,Reims,20-010,2001,2.5,163,11,58,94,34,2,134,1,1,100.0,1,0,96,717,533,26,10,2,2,3,92,89,96.7,4,Matches
Moussa Doumbia,ml MLI,"MF,FW",Reims,26-182,1994,5.6,314,5,55,147,152,17,311,15,29,51.7,17,0,279,1833,1142,53,18,6,13,19,314,237,75.5,43,Matches
Souleyman Doumbia,ci CIV,DF,Angers,24-142,1996,17.9,1094,60,355,535,279,16,930,23,33,69.7,25,2,658,3633,2173,99,34,3,19,17,666,623,93.5,38,Matches
Mouhamadou Drammeh,fr FRA,MF,Reims,21-274,1999,1.8,59,8,18,39,5,1,57,3,4,75.0,3,0,36,198,93,5,0,0,1,3,37,32,86.5,0,Matches
Julian Draxler,de GER,MF,Paris S-G,27-146,1993,5.3,343,1,42,178,157,18,328,6,9,66.7,6,0,262,1779,1149,63,20,8,3,7,288,274,95.1,43,Matches
Matthieu Dreyer,fr FRA,GK,Lorient,31-330,1989,5.0,129,119,129,0,0,0,77,0,0,,0,0,38,209,138,0,0,0,0,0,38,37,97.4,0,Matches
Leo Dubois,fr FRA,DF,Lyon,26-152,1994,20.6,1618,56,361,749,619,52,1332,22,36,61.1,24,2,944,5270,3194,145,45,12,17,16,1077,985,91.5,76,Matches
Haris Duljević,ba BIH,"FW,MF",Nîmes,27-089,1993,6.6,294,4,30,170,135,14,281,24,33,72.7,25,3,247,1454,969,45,25,4,13,16,295,209,70.8,26,Matches
Jean-Kevin Duverne,fr FRA,DF,Brest,23-216,1997,18.4,1299,192,725,629,49,12,1245,14,16,87.5,14,1,826,5030,3175,75,13,2,4,8,907,889,98.0,8,Matches
Eric Junior Dina Ebimbe,fr FRA,"FW,MF",Dijon,20-084,2000,18.5,788,16,132,434,326,63,780,49,81,60.5,52,4,615,3664,2185,91,30,11,59,53,762,584,76.6,118,Matches
Enzo Ebosse,fr FRA,DF,Angers,21-339,1999,2.9,180,26,90,85,15,2,167,0,0,,0,0,120,448,224,4,1,0,1,0,125,120,96.0,2,Matches
Bruno Ecuele Manga,ga GAB,DF,Dijon,32-212,1988,24.0,1502,302,1014,536,41,25,1459,7,7,100.0,7,0,867,4359,2054,31,2,0,6,6,970,947,97.6,5,Matches
Hugo Ekitike,fr FRA,"MF,FW",Reims,18-238,2002,1.0,40,0,1,16,23,7,37,2,3,66.7,2,0,23,89,46,2,0,1,3,5,43,30,69.8,10,Matches
Niclas Eliasson,se SWE,"MF,FW",Nîmes,25-068,1995,10.9,415,7,59,136,239,23,355,7,14,50.0,7,0,227,999,514,26,8,6,14,17,378,241,63.8,60,Matches
Sepe Elye Wahi,fr FRA,"FW,DF",Montpellier,18-042,2003,1.6,57,0,3,25,34,11,55,2,5,40.0,2,0,37,219,146,8,3,1,4,2,70,39,55.7,13,Matches
Renaud Emond,be BEL,FW,Nantes,29-070,1991,3.1,98,0,10,48,42,16,92,0,2,0.0,0,0,48,187,68,3,1,2,2,4,149,74,49.7,26,Matches
Yoann Etienne,fr FRA,DF,Lorient,23-270,1997,1.0,48,3,16,24,9,0,39,0,1,0.0,0,0,23,142,48,1,0,0,2,0,23,20,87.0,0,Matches
Fábio,br BRA,DF,Nantes,30-219,1990,14.8,987,56,294,516,217,12,820,7,15,46.7,8,0,485,2243,1253,59,18,0,11,14,515,484,94.0,20,Matches
Cesc Fàbregas,es ESP,MF,Monaco,33-285,1987,6.1,601,11,115,319,199,19,526,4,5,80.0,4,0,376,1455,783,28,9,0,8,10,458,439,95.9,31,Matches
Bandiougou Fadiga,fr FRA,"FW,MF",Paris S-G,20-029,2001,0.7,43,1,11,21,15,1,42,2,3,66.7,2,0,34,189,115,4,2,0,2,2,40,34,85.0,3,Matches
Wout Faes,be BEL,DF,Reims,22-316,1998,20.5,1229,212,743,519,20,12,1206,8,9,88.9,8,1,762,3592,1882,47,3,0,6,3,796,783,98.4,3,Matches
Romain Faivre,fr FRA,"MF,FW",Brest,22-214,1998,21.4,1287,26,226,632,596,66,1177,61,94,64.9,63,3,937,6961,4305,176,94,16,41,39,1046,872,83.4,123,Matches
Wuilker Faríñez,ve VEN,GK,Lens,22-364,1998,0.1,2,2,2,0,0,0,1,0,0,,0,0,1,10,10,0,0,0,0,0,0,0,,0,Matches
Julien Faussurier,fr FRA,DF,Brest,34-030,1987,6.2,426,20,130,193,127,16,350,3,6,50.0,3,2,239,1069,584,19,7,5,4,5,275,245,89.1,23,Matches
Zinedine Ferhat,dz ALG,"FW,MF",Nîmes,27-349,1993,19.9,1039,30,151,446,508,65,982,41,75,54.7,45,4,690,3230,1744,78,25,14,39,47,1055,760,72.0,118,Matches
Jordan Ferri,fr FRA,MF,Montpellier,28-338,1992,18.7,1277,19,351,848,187,11,1250,12,17,70.6,12,0,901,5160,2468,94,24,3,16,26,983,918,93.4,36,Matches
Alessandro Florenzi,it ITA,DF,Paris S-G,29-339,1991,13.2,839,37,177,380,317,43,758,4,10,40.0,4,2,533,2551,1340,59,14,8,9,1,613,572,93.3,55,Matches
Mamadou Fofana,ml MLI,"MF,DF",Metz,23-023,1998,10.4,464,42,220,238,26,5,453,3,3,100.0,3,0,262,1192,586,9,1,0,2,4,257,247,96.1,1,Matches
Seko Fofana,ci CIV,MF,Lens,25-282,1995,13.7,955,12,151,662,225,28,942,23,36,63.9,26,1,665,3991,1972,92,34,3,27,25,829,736,88.8,79,Matches
Wesley Fofana,fr FRA,DF,Saint-Étienne,20-058,2000,3.5,227,36,135,93,13,5,218,2,3,66.7,2,0,127,787,471,9,1,0,1,1,148,146,98.6,6,Matches
Youssouf Fofana,fr FRA,MF,Monaco,22-034,1999,19.0,1210,34,272,782,236,12,1169,16,27,59.3,16,1,808,4018,2163,90,24,2,11,28,900,843,93.7,47,Matches
Thomas Foket,be BEL,DF,Reims,26-141,1994,23.0,1370,71,527,648,306,23,1146,7,12,58.3,7,0,773,4838,2842,104,48,1,12,15,852,775,91.0,69,Matches
Lamine Fomba,fr FRA,MF,Nîmes,23-018,1998,12.9,531,34,147,290,119,18,526,9,17,52.9,11,0,302,1342,630,35,6,0,9,27,330,277,83.9,16,Matches
Thomas Fontaine,mg MAD,DF,Lorient,29-281,1991,3.6,133,29,92,43,2,1,123,0,0,,0,0,71,334,152,2,0,0,0,0,79,76,96.2,1,Matches
José Fonte,pt POR,DF,Lille,37-053,1983,22.4,1626,170,841,816,82,34,1588,3,3,100.0,3,0,1035,4934,2790,69,9,0,5,4,1155,1140,98.7,15,Matches
Steven Fortes,cv CPV,DF,Lens,28-302,1992,10.3,735,50,369,413,16,3,718,1,2,50.0,1,0,479,3077,1835,48,1,0,2,0,516,507,98.3,2,Matches
Angelo Fulgini,fr FRA,"MF,FW",Angers,24-177,1996,19.6,1314,9,166,770,491,63,1242,42,89,47.2,46,4,1037,5212,2958,140,46,11,45,62,1231,1024,83.2,126,Matches
Baptiste Gabard,fr FRA,MF,Saint-Étienne,21-016,2000,1.5,79,2,14,53,13,0,78,1,1,100.0,1,0,48,173,85,2,0,0,1,6,55,52,94.5,8,Matches
Idrissa Gana Gueye,sn SEN,MF,Paris S-G,31-140,1989,11.9,1346,29,234,950,256,12,1324,15,24,62.5,15,0,1004,5086,2576,104,30,2,8,18,1105,1070,96.8,32,Matches
Ignatius Ganago,cm CMR,FW,Lens,21-363,1999,10.1,332,2,25,122,195,55,318,18,33,54.5,20,0,233,860,380,25,2,8,35,19,468,262,56.0,112,Matches
Yann Gboho,fr FRA,"MF,FW",Rennes,20-030,2001,3.0,156,6,19,55,101,20,155,10,18,55.6,11,0,130,851,542,33,9,4,2,14,150,120,80.0,28,Matches
Valère Germain,fr FRA,"FW,MF",Marseille,30-302,1990,7.5,293,17,56,158,92,15,280,3,7,42.9,3,0,133,545,180,7,2,2,9,5,341,205,60.1,36,Matches
Willem Geubbels,fr FRA,"FW,MF",Monaco,19-181,2001,3.2,168,6,33,73,68,20,163,0,3,0.0,0,0,87,355,157,10,3,3,11,7,142,98,69.0,21,Matches
Andrei Girotto,br BRA,"DF,MF",Nantes,28-362,1992,20.4,1343,133,627,714,82,20,1295,4,7,57.1,5,0,728,3820,2375,78,21,0,3,5,835,818,98.0,7,Matches
Aleksandr Golovin,ru RUS,"MF,FW",Monaco,24-259,1996,3.9,238,0,17,107,131,19,198,5,7,71.4,5,1,144,1025,626,26,10,4,4,5,187,146,78.1,28,Matches
Alfred Gomis,sn SEN,GK,Rennes,27-161,1993,7.0,205,163,204,2,0,0,156,0,0,,0,0,88,287,157,0,0,0,0,0,91,91,100.0,0,Matches
Alfred Gomis,sn SEN,GK,Dijon,27-161,1993,5.0,207,191,207,0,0,0,120,0,0,,0,0,57,210,128,0,0,0,0,0,64,63,98.4,0,Matches
Vagner Gonçalves,cv CPV,"FW,MF",Metz,25-034,1996,4.8,163,1,29,74,74,14,160,7,14,50.0,7,0,120,546,313,16,5,1,19,9,198,108,54.5,27,Matches
Álvaro González,es ESP,DF,Marseille,31-036,1990,18.9,1173,148,685,542,28,13,1133,3,3,100.0,3,0,694,3913,2502,61,3,1,1,2,806,782,97.0,6,Matches
Amine Gouiri,fr FRA,"FW,MF",Nice,20-363,2000,20.1,1011,13,85,429,571,118,922,35,66,53.0,35,3,682,3546,2033,122,36,17,28,40,1048,742,70.8,185,Matches
Jonathan Gradit,fr FRA,DF,Lens,28-081,1992,18.4,1168,76,481,784,43,1,1141,18,23,78.3,19,0,849,6053,4188,111,15,0,6,10,880,864,98.2,0,Matches
Andrew Gravillon,fr FRA,DF,Lorient,23-005,1998,14.5,847,132,514,347,23,11,826,3,5,60.0,4,0,446,1974,1081,23,0,0,2,3,487,471,96.7,4,Matches
Adrian Grbić,at AUT,FW,Lorient,24-193,1996,8.4,245,11,27,126,105,36,225,4,10,40.0,4,1,122,499,295,16,5,6,7,13,300,155,51.7,50,Matches
Clément Grenier,fr FRA,MF,Rennes,30-037,1991,8.1,704,1,80,406,252,21,655,8,11,72.7,8,0,474,1904,933,44,12,0,13,10,628,557,88.7,56,Matches
Evann Guessand,fr FRA,FW,Nice,19-227,2001,0.3,7,2,2,1,4,2,7,1,1,100.0,1,1,3,25,16,2,0,1,0,0,7,3,42.9,3,Matches
Kelyan Guessoum,fr FRA,DF,Nîmes,22-008,1999,4.0,202,24,127,79,2,1,194,0,0,,0,0,118,497,223,2,1,0,0,3,126,124,98.4,0,Matches
Lamine Gueye,sn SEN,"FW,MF",Metz,22-337,1998,10.0,444,9,76,200,202,52,435,13,25,52.0,15,0,297,1677,1022,46,14,9,27,25,495,317,64.0,77,Matches
Pape Gueye,fr FRA,MF,Marseille,22-020,1999,10.0,710,18,165,493,89,4,699,3,8,37.5,3,0,451,2229,1037,33,8,1,7,8,551,501,90.9,20,Matches
Bruno Guimarães,br BRA,MF,Lyon,23-089,1997,12.3,1038,32,190,674,278,17,1014,14,20,70.0,14,2,800,4935,2653,129,49,4,10,10,862,797,92.5,41,Matches
Sehrou Guirassy,fr FRA,FW,Rennes,24-338,1996,9.7,357,9,15,223,136,46,343,7,13,53.8,7,1,238,1102,363,24,7,3,27,21,469,291,62.0,93,Matches
Malo Gusto,fr FRA,MF,Lyon,17-270,2003,0.0,0,0,0,0,0,0,0,0,0,,0,0,0,0,0,0,0,0,0,0,0,0,,0,Matches
Massadio Haïdara,ml MLI,DF,Lens,28-073,1992,12.9,901,24,229,579,149,14,817,9,14,64.3,9,0,561,3188,2055,82,16,1,8,8,635,571,89.9,9,Matches
Pierre-Yves Hamel,fr FRA,FW,Lorient,27-010,1994,8.7,289,8,24,158,113,27,271,3,5,60.0,3,0,137,420,228,12,2,1,30,18,332,190,57.2,46,Matches
Romain Hamouma,fr FRA,FW,Saint-Étienne,33-321,1987,15.4,743,8,67,333,396,77,669,29,68,42.6,35,4,518,2633,1354,84,20,11,48,42,833,520,62.4,145,Matches
Dalbert Henrique,br BRA,DF,Rennes,27-158,1993,2.5,197,6,50,94,63,4,174,0,2,0.0,0,0,132,526,298,17,7,2,1,2,142,134,94.4,5,Matches
Luis Henrique,br BRA,"FW,MF",Marseille,19-061,2001,0.6,58,0,6,16,37,4,57,2,3,66.7,2,0,45,293,127,7,0,1,2,1,61,48,78.7,16,Matches
Christophe Hérelle,mq MTQ,DF,Brest,28-175,1992,13.3,909,117,478,459,25,5,885,3,3,100.0,3,0,608,2967,1676,33,6,0,2,2,648,637,98.3,0,Matches
Jérôme Hergault,fr FRA,DF,Lorient,34-314,1986,6.0,339,15,121,140,98,2,284,4,5,80.0,4,1,182,854,414,21,10,0,3,5,224,195,87.1,4,Matches
Ander Herrera,es ESP,MF,Paris S-G,31-183,1989,12.5,1229,37,217,733,333,25,1209,10,13,76.9,10,1,825,3098,1526,80,24,0,11,5,1043,986,94.5,57,Matches
Vitorino Hilton,br BRA,DF,Montpellier,43-153,1977,12.1,681,99,426,285,18,13,656,1,1,100.0,1,0,395,2216,1175,11,1,0,4,2,425,418,98.4,2,Matches
Franck Honorat,fr FRA,"MF,FW",Brest,24-186,1996,15.3,734,27,136,267,407,51,677,13,35,37.1,15,2,467,2777,1812,76,38,13,27,22,675,495,73.3,101,Matches
Fraser Hornby,sco SCO,FW,Reims,21-153,1999,0.4,13,0,1,5,7,2,13,0,0,,0,0,3,15,1,0,0,0,1,0,21,11,52.4,4,Matches
Adrien Hunou,fr FRA,"FW,MF",Rennes,27-025,1994,5.8,235,2,11,93,140,33,226,1,2,50.0,1,0,128,585,239,14,5,3,16,6,307,184,59.9,63,Matches
Didier Ibrahim Ndong,ga GAB,MF,Dijon,26-241,1994,23.0,1352,57,385,934,132,6,1332,17,26,65.4,20,0,900,5052,2249,76,15,2,16,26,1041,947,91.0,24,Matches
Mauro Icardi,ar ARG,FW,Paris S-G,27-360,1993,7.1,150,2,9,64,82,51,140,2,2,100.0,2,0,77,348,157,6,2,0,9,4,192,103,53.6,48,Matches
Jonathan Ikone,fr FRA,"MF,FW",Lille,22-287,1998,15.5,607,5,62,327,291,40,593,25,44,56.8,28,1,481,2619,1586,85,32,15,35,43,686,490,71.4,94,Matches
Yun Il-lok,kr KOR,"MF,FW",Montpellier,28-343,1992,3.5,137,1,13,87,44,4,130,1,5,20.0,1,0,77,405,211,11,3,1,3,5,139,87,62.6,13,Matches
Corentin Jean,fr FRA,"FW,MF",Lens,25-213,1995,3.9,167,4,17,80,82,16,157,7,8,87.5,7,0,122,746,387,16,7,2,5,14,191,123,64.4,33,Matches
Jesé,es ESP,FW,Paris S-G,27-353,1993,0.3,12,0,0,4,8,5,12,0,1,0.0,0,0,11,12,2,0,0,0,1,1,12,10,83.3,4,Matches
Stevan Jovetić,me MNE,"FW,MF",Monaco,31-103,1989,4.3,272,4,22,132,137,23,252,10,14,71.4,10,0,178,1000,572,33,10,2,11,6,270,194,71.9,48,Matches
Abdoul Kader Bamba,fr FRA,"FW,MF",Nantes,26-294,1994,8.4,491,4,57,239,227,29,460,23,35,65.7,23,1,373,1738,1049,55,12,12,16,14,457,359,78.6,60,Matches
Tino Kadewere,zw ZIM,FW,Lyon,25-039,1996,17.0,707,24,93,281,370,101,701,23,47,48.9,25,3,480,2092,1153,74,20,18,37,36,710,495,69.7,156,Matches
Gaël Kakuta,cd COD,"MF,FW",Lens,29-237,1991,18.0,1083,5,89,580,467,42,991,32,61,52.5,35,4,708,3339,1737,108,26,11,46,52,930,776,83.4,100,Matches
Arnaud Kalimuendo,fr FRA,"FW,MF",Lens,19-023,2002,7.8,273,0,12,139,148,35,264,13,22,59.1,16,1,211,1322,825,47,15,12,15,19,405,219,54.1,73,Matches
Arnaud Kalimuendo,fr FRA,FW,Paris S-G,19-023,2002,0.8,32,0,0,8,24,3,31,3,5,60.0,3,0,28,68,26,2,0,1,2,2,40,29,72.5,14,Matches
Samuel Kalu,ng NGA,FW,Bordeaux,23-171,1997,7.2,366,3,54,175,165,31,362,27,48,56.3,29,0,272,1171,693,42,10,8,28,18,340,258,75.9,46,Matches
Bingourou Kamara,sn SEN,GK,Strasbourg,24-115,1996,8.0,265,233,265,0,0,0,193,0,0,,0,0,124,492,198,0,0,0,0,0,117,116,99.1,0,Matches
Boubacar Kamara,fr FRA,MF,Marseille,21-082,1999,18.3,1326,60,370,869,168,19,1276,15,25,60.0,16,1,880,3995,2122,79,27,5,12,25,947,891,94.1,19,Matches
Hassane Kamara,fr FRA,DF,Nice,26-147,1994,18.7,1309,56,415,606,393,27,1171,19,33,57.6,21,1,851,4870,2983,136,42,8,24,24,984,881,89.5,63,Matches
Wilfried Kanga,fr FRA,FW,Angers,22-358,1998,1.5,28,2,2,13,14,6,24,0,0,,0,0,15,76,40,2,1,1,3,2,40,17,42.5,8,Matches
Eiji Kawashima,jp JPN,GK,Strasbourg,37-330,1983,16.0,502,445,501,2,0,0,336,0,0,,0,0,219,1176,570,0,0,0,1,0,194,193,99.5,0,Matches
Moise Kean,it ITA,FW,Paris S-G,20-351,2000,11.7,274,4,18,102,171,64,258,14,28,50.0,17,2,171,864,462,26,7,9,14,20,385,199,51.7,67,Matches
Thilo Kehrer,de GER,DF,Paris S-G,24-145,1996,10.1,867,75,324,554,36,5,847,2,4,50.0,2,0,640,2878,1478,43,7,0,1,1,675,663,98.2,2,Matches
Saîf-Eddine Khaoui,tn TUN,"DF,MF",Marseille,25-292,1995,2.0,154,1,41,72,51,3,125,5,8,62.5,5,0,82,360,196,11,5,0,1,4,88,70,79.5,5,Matches
Wahbi Khazri,tn TUN,"FW,MF",Saint-Étienne,30-005,1991,4.1,189,4,19,121,64,10,173,10,19,52.6,13,1,141,748,474,27,7,3,7,13,189,136,72.0,26,Matches
Presnel Kimpembe,fr FRA,DF,Paris S-G,25-184,1995,12.6,1065,128,452,635,31,7,1044,5,7,71.4,5,0,765,3740,2145,60,11,0,3,2,821,809,98.5,2,Matches
Randal Kolo Muani,fr FRA,FW,Nantes,22-070,1998,20.3,658,21,51,314,338,102,634,32,61,52.5,35,0,429,2235,1571,89,18,26,51,57,864,454,52.5,165,Matches
Timothée Kolodziejczak,fr FRA,DF,Saint-Étienne,29-135,1991,17.1,1198,151,692,523,52,14,1132,1,1,100.0,1,0,662,4201,2360,37,3,0,5,3,773,757,97.9,4,Matches
Ghislain Konan,ci CIV,DF,Reims,25-048,1995,17.2,1060,78,367,548,249,13,908,33,43,76.7,33,0,666,3936,2646,115,46,5,18,21,649,586,90.3,26,Matches
Moussa Konaté,sn SEN,FW,Dijon,27-316,1993,8.6,288,7,24,164,114,33,267,3,5,60.0,3,0,160,633,234,12,4,2,24,10,430,202,47.0,59,Matches
Lamine Koné,ci CIV,DF,Strasbourg,32-012,1989,4.8,266,28,165,120,5,2,250,0,1,0.0,0,0,142,1135,643,17,2,0,2,0,163,162,99.4,1,Matches
Moussa Koné,sn SEN,"FW,MF",Nîmes,24-045,1996,7.6,214,6,18,132,78,18,196,17,23,73.9,17,1,142,672,338,17,5,5,19,17,321,139,43.3,42,Matches
Laurent Koscielny,fr FRA,DF,Bordeaux,35-156,1985,16.4,1007,167,656,403,17,8,982,0,0,,0,0,638,3890,1833,17,1,0,1,1,662,647,97.7,3,Matches
Boubakar Kouyaté,ml MLI,DF,Metz,23-304,1997,11.4,603,127,418,197,15,9,593,2,2,100.0,2,0,283,1646,762,10,1,0,3,3,287,277,96.5,2,Matches
Jean-Philippe Krasso,fr FRA,FW,Saint-Étienne,23-211,1997,2.5,86,2,8,48,36,12,83,4,7,57.1,5,0,53,150,66,3,1,0,8,9,104,55,52.9,22,Matches
Layvin Kurzawa,fr FRA,DF,Paris S-G,28-162,1992,10.1,803,38,224,410,207,20,730,14,24,58.3,15,0,523,1753,962,48,14,3,13,10,571,533,93.3,34,Matches
Dereck Kutesa,ch SUI,"MF,FW",Reims,23-069,1997,5.5,180,2,22,75,104,21,178,10,21,47.6,10,0,146,991,639,31,9,9,14,19,210,138,65.7,46,Matches
Enock Kwateng,fr FRA,DF,Bordeaux,23-310,1997,5.7,417,23,140,219,75,5,359,7,12,58.3,8,0,234,960,556,30,4,0,7,8,264,240,90.9,4,Matches
Gaëtan Laborde,fr FRA,"FW,MF",Montpellier,26-286,1994,23.0,866,15,80,427,419,136,851,22,42,52.4,24,6,504,2886,1953,105,39,20,67,32,1007,631,62.7,173,Matches
Tom Lacoux,fr FRA,"MF,DF",Bordeaux,19-019,2002,0.7,47,5,14,27,7,0,45,1,2,50.0,1,0,27,97,41,3,1,0,1,1,33,29,87.9,1,Matches
Alban Lafont,fr FRA,GK,Nantes,22-021,1999,24.0,826,684,819,8,0,0,576,0,0,,0,0,358,1491,813,0,0,0,0,0,316,314,99.4,0,Matches
Kenny Lala,fr FRA,DF,Strasbourg,29-133,1991,20.4,1320,70,372,638,408,18,1052,20,34,58.8,21,0,806,4498,2595,111,44,3,26,34,872,770,88.3,40,Matches
Loïck Landre,fr FRA,DF,Nîmes,28-284,1992,11.2,583,72,326,283,9,7,562,2,2,100.0,2,0,353,1921,1170,20,0,0,0,1,383,376,98.2,3,Matches
Julien Laporte,fr FRA,DF,Lorient,27-101,1993,16.0,911,112,545,402,17,7,887,2,3,66.7,2,0,520,2693,1451,32,2,0,3,3,552,542,98.2,1,Matches
Gautier Larsonneur,fr FRA,GK,Brest,23-356,1997,23.0,920,824,918,4,0,0,673,1,1,100.0,1,0,454,2263,1355,0,0,0,1,0,419,417,99.5,0,Matches
Paul Lasne,fr FRA,MF,Brest,32-028,1989,13.5,885,54,326,512,95,7,874,4,5,80.0,5,0,585,2690,1138,41,9,3,10,2,644,622,96.6,11,Matches
Armand Lauriente,fr FRA,"FW,MF",Lorient,22-071,1998,10.5,480,7,59,215,255,37,449,27,42,64.3,28,0,376,2312,1531,71,27,9,31,31,479,330,68.9,70,Matches
Wesley Lautoa,nc NCL,"MF,DF",Dijon,33-172,1987,10.5,577,45,245,334,30,2,566,3,3,100.0,3,0,348,1546,851,13,3,0,6,5,409,388,94.9,2,Matches
Jérémy Le Douaron,fr FRA,"FW,MF",Brest,22-298,1998,6.3,256,12,43,113,117,21,254,6,13,46.2,6,0,158,709,364,23,7,3,23,26,229,162,70.7,61,Matches
Enzo Le Fée,fr FRA,"MF,FW",Lorient,21-010,2000,10.2,601,16,119,365,160,9,569,16,30,53.3,17,1,398,2270,1286,66,14,3,23,24,472,402,85.2,43,Matches
Vincent Le Goff,fr FRA,DF,Lorient,31-121,1989,14.0,865,39,273,454,194,10,720,5,11,45.5,6,0,474,2352,1386,58,25,1,9,7,543,486,89.5,18,Matches
Damien Le Tallec,fr FRA,"MF,DF",Montpellier,30-300,1990,9.1,348,27,91,211,59,11,338,0,0,,0,0,147,696,238,11,4,0,4,1,214,193,90.2,15,Matches
James Lea Siliki,fr FRA,MF,Rennes,24-246,1996,2.7,173,3,22,101,60,5,173,1,5,20.0,1,0,107,590,331,12,4,0,3,1,155,139,89.7,22,Matches
Jean-Louis Leca,fr FRA,GK,Lens,35-145,1985,23.9,763,680,761,2,0,0,545,0,0,,0,0,344,1688,927,0,0,0,0,0,329,327,99.4,0,Matches
Benjamin Lecomte,fr FRA,GK,Monaco,29-293,1991,14.0,530,430,521,11,0,0,410,0,0,,0,0,251,1166,576,0,0,0,0,0,266,265,99.6,0,Matches
Pierre Lees-Melou,fr FRA,MF,Nice,27-264,1993,14.7,992,43,259,577,232,22,972,8,16,50.0,11,0,683,3778,2065,82,28,1,8,16,794,716,90.2,55,Matches
Fabien Lemoine,fr FRA,MF,Lorient,33-334,1987,11.3,894,32,249,579,118,11,877,3,4,75.0,3,0,586,2371,1127,40,13,1,16,8,681,637,93.5,18,Matches
Aaron Leya Iseka,be BEL,FW,Metz,23-090,1997,6.0,161,4,15,89,66,19,155,5,8,62.5,6,0,102,431,205,13,5,4,13,5,277,125,45.1,29,Matches
Dimitri Liénard,fr FRA,MF,Strasbourg,33-000,1988,9.3,599,11,115,349,169,8,535,6,7,85.7,6,0,385,2264,1037,45,10,1,6,7,424,385,90.8,22,Matches
Isaac Lihadji,fr FRA,MF,Lille,18-309,2002,2.1,143,2,11,64,77,10,134,10,17,58.8,10,0,105,520,343,18,5,5,7,7,124,91,73.4,16,Matches
Pol Lirola,es ESP,DF,Marseille,23-184,1997,3.3,218,12,62,115,64,2,183,1,4,25.0,1,0,120,727,425,17,12,0,7,4,131,119,90.8,7,Matches
Anthony Lopes,pt POR,GK,Lyon,30-135,1990,24.0,794,649,774,22,0,0,589,1,1,100.0,1,0,369,1581,853,1,0,0,1,0,362,361,99.7,0,Matches
Rony Lopes,pt POR,"FW,MF",Nice,25-047,1995,12.2,625,8,57,299,328,44,557,20,41,48.8,22,1,458,2664,1359,76,27,7,28,23,571,441,77.2,83,Matches
Maxime Lopez,fr FRA,"FW,MF",Marseille,23-071,1997,1.5,68,1,15,38,20,3,67,1,1,100.0,1,0,41,249,147,9,2,1,4,0,78,55,70.5,6,Matches
Jordan Lotomba,ch SUI,DF,Nice,22-137,1998,17.4,1216,39,360,607,347,29,1028,20,41,48.8,21,1,770,4085,2475,114,35,5,17,26,891,780,87.5,54,Matches
Imran Louza,fr FRA,MF,Nantes,21-288,1999,15.3,916,20,182,542,247,17,853,15,25,60.0,15,0,582,2699,1480,62,19,4,12,20,770,637,82.7,58,Matches
Jean Lucas,br BRA,MF,Brest,22-236,1998,2.5,207,2,31,141,53,6,200,5,7,71.4,5,1,166,1043,576,28,4,3,1,9,178,163,91.6,7,Matches
Jean Lucas,br BRA,MF,Lyon,22-236,1998,1.9,157,3,25,100,44,3,156,8,12,66.7,9,0,131,702,318,13,6,2,4,2,130,122,93.8,7,Matches
Florentino Luís,pt POR,MF,Monaco,21-178,1999,2.4,173,5,43,104,30,1,170,2,2,100.0,2,0,104,373,187,7,1,0,1,2,134,127,94.8,1,Matches
Yann M'Vila,fr FRA,"MF,FW",Saint-Étienne,30-229,1990,0.2,15,0,7,8,1,0,15,0,0,,0,0,5,9,7,0,0,0,0,0,10,10,100.0,0,Matches
Yvann Macon,fr FRA,DF,Saint-Étienne,22-135,1998,6.0,397,29,174,184,69,3,318,13,15,86.7,13,1,204,1270,771,29,13,1,7,10,209,189,90.4,9,Matches
Hugo Magnetti,fr FRA,MF,Brest,22-259,1998,1.0,74,3,19,44,13,0,72,4,4,100.0,4,0,56,239,148,6,2,0,4,0,57,50,87.7,3,Matches
Hicham Mahou,fr FRA,DF,Nice,21-226,1999,0.4,25,0,7,8,11,0,23,0,0,,0,0,11,77,49,3,1,0,0,0,16,14,87.5,0,Matches
Habib Maïga,ci CIV,MF,Metz,25-043,1996,18.3,1027,36,267,668,176,21,1011,19,27,70.4,20,1,697,3535,1945,79,31,3,17,26,725,672,92.7,34,Matches
Mike Maignan,fr FRA,GK,Lille,25-077,1995,24.0,734,646,726,9,0,0,543,0,0,,0,0,346,1644,931,0,0,0,2,0,317,314,99.1,0,Matches
Josh Maja,ng NGA,FW,Bordeaux,22-048,1998,8.9,280,10,30,161,99,30,271,6,11,54.5,7,0,195,754,298,15,3,6,19,14,367,207,56.4,69,Matches
Radosław Majecki,pl POL,GK,Monaco,21-089,1999,1.0,39,30,39,0,0,0,27,0,0,,0,0,22,90,36,0,0,0,0,0,20,20,100.0,0,Matches
Abdul Majeed Waris,gh GHA,"FW,MF",Strasbourg,29-147,1991,5.3,193,2,21,93,98,20,191,7,14,50.0,7,1,152,866,586,32,13,5,11,16,234,153,65.4,43,Matches
Marco Majouga,fr FRA,"FW,MF",Nîmes,19-280,2001,1.2,46,0,4,20,29,6,46,2,3,66.7,3,0,37,282,206,11,4,2,2,2,59,36,61.0,7,Matches
Adilson Malanda,fr FRA,MF,Nîmes,19-107,2001,0.2,10,0,1,6,3,0,9,0,1,0.0,0,0,4,7,0,0,0,0,1,1,10,8,80.0,2,Matches
Hianga Mananga Mbock,fr FRA,MF,Brest,21-047,1999,5.0,256,10,83,167,35,2,253,7,9,77.8,7,0,202,1142,668,17,5,0,5,6,200,192,96.0,7,Matches
Vincent Manceau,fr FRA,DF,Angers,31-218,1989,15.7,1038,50,332,519,239,4,854,5,8,62.5,5,0,553,2213,1303,53,22,1,3,3,642,599,93.3,12,Matches
Steve Mandanda,fr FRA,GK,Marseille,35-322,1985,21.0,801,714,799,3,0,0,569,1,1,100.0,1,0,378,1696,888,1,0,0,0,0,349,349,100.0,0,Matches
Reinildo Mandava,mz MOZ,DF,Lille,27-023,1994,10.8,791,27,220,437,183,7,682,6,10,60.0,7,0,469,1883,1035,43,13,1,5,7,503,465,92.4,19,Matches
Thomas Mangani,fr FRA,MF,Angers,33-290,1987,18.6,1349,45,299,854,252,11,1238,7,11,63.6,7,0,843,3629,1499,55,11,1,11,11,931,886,95.2,21,Matches
Vito Mannone,it ITA,GK,Monaco,32-348,1988,9.0,299,268,298,2,0,0,223,0,0,,0,0,162,580,260,0,0,0,0,0,162,161,99.4,0,Matches
Myziane Maolida,fr FRA,"FW,MF",Nice,21-365,1999,4.3,183,5,22,87,92,19,182,7,19,36.8,7,0,146,706,351,22,7,3,8,10,199,147,73.9,39,Matches
Faitout Maouassa,fr FRA,DF,Rennes,22-222,1998,8.9,689,27,187,362,194,10,601,13,25,52.0,14,0,416,2168,1418,82,24,2,14,7,490,455,92.9,13,Matches
Fernando Marçal,br BRA,DF,Lyon,31-360,1989,0.9,77,1,15,58,16,0,73,0,0,,0,0,57,551,374,14,2,0,0,0,55,54,98.2,0,Matches
Marcelo,br BRA,DF,Lyon,33-269,1987,21.0,1597,200,718,918,65,27,1561,1,2,50.0,1,0,1063,6091,3735,92,3,0,1,2,1176,1149,97.7,7,Matches
Dario Maresic,at AUT,DF,Reims,21-137,1999,4.5,319,46,146,176,21,0,307,0,0,,0,0,184,1238,789,24,6,0,2,1,231,226,97.8,1,Matches
Jordan Marié,fr FRA,MF,Dijon,29-137,1991,7.4,427,9,106,275,66,3,416,7,9,77.8,7,0,231,772,366,16,1,0,11,6,307,280,91.2,15,Matches
Guillermo Maripán,cl CHI,DF,Monaco,26-283,1994,10.5,732,81,367,391,26,15,715,0,0,,0,0,498,2843,1718,33,4,1,3,1,557,545,97.8,3,Matches
Marquinhos,br BRA,DF,Paris S-G,26-275,1994,12.6,1032,120,431,606,62,14,1017,1,2,50.0,1,0,717,3794,2346,66,10,0,3,3,782,767,98.1,8,Matches
Jonas Martin,fr FRA,MF,Rennes,30-310,1990,3.4,250,8,62,167,28,4,243,4,5,80.0,4,0,154,588,281,14,0,1,2,6,176,167,94.9,4,Matches
Pablo Martinez,fr FRA,DF,Nîmes,31-358,1989,6.0,365,44,214,183,3,2,350,0,0,,0,0,223,1346,853,13,1,0,1,2,239,234,97.9,0,Matches
Gelson Martins,pt POR,"MF,FW",Monaco,25-278,1995,14.4,767,6,80,335,414,82,764,38,67,56.7,39,1,648,3417,1904,118,25,16,44,47,769,569,74.0,123,Matches
Sylvain Marveaux,fr FRA,"MF,FW",Lorient,34-304,1986,2.2,112,6,22,66,29,4,109,4,4,100.0,4,0,88,495,288,12,3,2,3,7,92,77,83.7,9,Matches
Pape Matar Sarr,sn SEN,MF,Metz,18-152,2002,5.2,356,14,104,238,50,2,348,3,5,60.0,3,0,258,1846,958,36,12,1,8,3,254,247,97.2,4,Matches
Eliot Matazo,be BEL,MF,Monaco,18-364,2002,1.3,41,1,12,27,4,2,41,0,2,0.0,0,0,25,115,27,0,0,0,0,1,29,24,82.8,1,Matches
Chrislain Matsima,fr FRA,DF,Monaco,18-274,2002,3.7,287,20,96,176,35,4,277,3,4,75.0,3,0,212,1147,720,27,7,0,0,2,211,205,97.2,3,Matches
Tony Mauricio,fr FRA,MF,Lens,26-328,1994,3.8,307,4,42,174,113,6,273,6,10,60.0,6,0,198,760,334,13,6,1,4,6,234,211,90.2,23,Matches
Stephy Mavididi,eng ENG,"FW,MF",Montpellier,22-258,1998,10.6,400,5,55,190,188,36,391,11,27,40.7,13,0,290,1481,742,40,11,7,36,31,469,293,62.5,91,Matches
Youssef Maziz,fr FRA,"MF,FW",Metz,22-234,1998,2.0,94,1,12,59,32,3,80,3,5,60.0,3,0,62,282,154,9,5,0,4,2,78,64,82.1,4,Matches
Kylian Mbappé,fr FRA,"FW,MF",Paris S-G,22-055,1998,15.9,847,4,30,279,614,173,818,61,122,50.0,67,8,673,3780,2548,159,37,46,37,35,966,725,75.1,190,Matches
Nathanael Mbuku,fr FRA,MF,Reims,18-334,2002,13.4,463,4,71,213,219,35,452,24,30,80.0,25,0,363,1922,1120,63,16,5,21,30,448,324,72.3,63,Matches
Facundo Medina,ar ARG,DF,Lens,21-261,1999,14.7,1259,101,584,725,25,10,1229,4,5,80.0,5,0,872,4686,2890,79,2,0,7,7,923,902,97.7,4,Matches
Farid El Melali,dz ALG,"FW,MF",Angers,23-215,1997,2.8,170,1,26,83,79,18,167,14,27,51.9,16,1,144,844,547,26,7,7,11,13,160,124,77.5,30,Matches
Birger Meling,no NOR,DF,Nîmes,26-058,1994,11.9,722,45,251,340,189,17,605,10,14,71.4,10,0,395,2378,1271,52,20,4,5,10,446,386,86.5,31,Matches
Houboulang Mendes,fr FRA,DF,Lorient,22-285,1998,10.3,529,27,181,229,153,3,425,4,7,57.1,4,1,283,1275,704,39,17,0,16,15,317,280,88.3,24,Matches
Pedro Mendes,pt POR,DF,Montpellier,30-135,1990,16.9,912,91,537,405,30,7,892,2,2,100.0,2,0,542,2922,1606,32,6,0,2,3,612,595,97.2,2,Matches
Thiago Mendes,br BRA,MF,Lyon,28-335,1992,15.2,1087,43,242,700,194,13,1063,8,13,61.5,8,0,750,3030,1517,49,14,1,3,8,799,766,95.9,26,Matches
Batista Mendy,fr FRA,MF,Nantes,21-032,2000,0.3,32,1,4,30,2,0,31,0,0,,0,0,25,151,84,4,1,0,0,2,27,27,100.0,3,Matches
Edouard Mendy,sn SEN,GK,Rennes,28-349,1992,1.0,30,26,30,1,0,0,22,0,0,,0,0,17,91,64,0,0,0,0,0,16,16,100.0,0,Matches
Clément Michelin,fr FRA,DF,Lens,23-278,1997,9.8,629,28,130,317,212,13,514,3,5,60.0,3,0,326,1578,911,45,8,0,7,7,395,352,89.1,24,Matches
Florian Miguel,fr FRA,DF,Nîmes,24-165,1996,11.1,674,84,407,253,50,9,620,1,1,100.0,1,0,385,1924,1057,11,1,1,4,6,428,408,95.3,7,Matches
Arkadiusz Milik,pl POL,FW,Marseille,26-351,1994,1.0,40,0,0,21,19,5,37,2,2,100.0,2,0,28,118,64,5,0,0,5,2,64,32,50.0,8,Matches
Enzo Millot,fr FRA,MF,Monaco,18-211,2002,0.5,36,0,2,21,17,2,30,0,0,,0,0,19,59,25,2,1,1,1,3,28,22,78.6,3,Matches
Stefan Mitrović,rs SRB,DF,Strasbourg,30-267,1990,16.9,846,139,533,356,17,9,823,1,1,100.0,1,0,498,3082,1784,28,0,0,3,3,540,528,97.8,9,Matches
Anthony Modeste,fr FRA,FW,Saint-Étienne,32-305,1988,1.3,38,1,5,16,18,4,38,1,2,50.0,2,0,19,38,17,1,0,0,3,1,58,31,53.4,4,Matches
Terem Moffi,ng NGA,FW,Lorient,21-264,1999,10.2,304,3,12,161,159,47,284,11,17,64.7,11,0,191,795,514,29,12,5,47,25,447,208,46.5,71,Matches
Florent Mollet,fr FRA,MF,Montpellier,29-086,1991,15.5,890,12,154,492,314,40,818,13,27,48.1,14,1,632,3742,1591,73,23,6,17,16,803,654,81.4,80,Matches
Thomas Monconduit,fr FRA,MF,Lorient,30-003,1991,8.9,566,21,148,357,99,4,544,6,14,42.9,6,0,339,1718,1047,36,11,1,11,8,415,380,91.6,21,Matches
Kévin Monnet-Paquet,fr FRA,"FW,MF",Saint-Étienne,32-178,1988,4.0,202,4,30,83,98,11,191,5,13,38.5,6,0,130,585,229,14,2,2,1,16,169,133,78.7,24,Matches
Jérémy Morel,mg MAD,DF,Lorient,36-317,1984,21.0,1158,136,605,539,66,8,1071,6,13,46.2,7,1,632,3121,1547,33,4,0,6,7,702,680,96.9,8,Matches
Aimen Moueffek,fr FRA,"DF,MF",Saint-Étienne,19-310,2001,6.5,407,31,139,243,56,5,349,16,27,59.3,18,1,234,1304,843,30,8,0,6,13,221,199,90.0,4,Matches
Harold Moukoudi,cm CMR,DF,Saint-Étienne,23-078,1997,16.0,950,103,527,455,26,11,921,9,10,90.0,9,1,600,2820,1645,31,7,0,3,6,643,617,96.0,1,Matches
Jessy Moulin,fr FRA,GK,Saint-Étienne,35-031,1986,24.0,801,735,801,0,0,0,581,0,0,,0,0,370,1552,874,0,0,0,1,0,328,326,99.4,0,Matches
Steve Mounié,bj BEN,FW,Brest,26-137,1994,17.9,643,28,83,302,295,102,633,8,11,72.7,9,0,313,1482,532,29,10,1,42,31,791,491,62.1,107,Matches
Samuel Moutoussamy,cd COD,FW,Nantes,24-185,1996,0.9,37,0,3,18,19,0,36,0,0,,0,0,31,98,62,5,2,0,3,0,45,33,73.3,6,Matches
Loris Mouyokolo,cg CGO,DF,Lorient,19-267,2001,0.2,9,2,6,3,0,0,9,0,0,,0,0,6,31,0,0,0,0,1,0,4,4,100.0,0,Matches
Benoît Mukinayi,fr FRA,DF,Monaco,19-324,2001,21.3,1769,172,823,1029,55,22,1740,1,1,100.0,1,0,1169,6095,3633,87,10,0,5,4,1318,1303,98.9,8,Matches
Marshall Munetsi,zw ZIM,MF,Reims,24-236,1996,10.9,590,40,195,365,68,4,586,9,11,81.8,11,1,357,1792,778,26,5,0,10,17,377,355,94.2,5,Matches
Stanley N'Soki,fr FRA,DF,Nice,21-310,1999,11.1,979,91,449,531,46,14,946,3,8,37.5,5,0,635,3304,1832,53,2,1,6,13,702,687,97.9,4,Matches
Yuto Nagatomo,jp JPN,DF,Marseille,34-154,1986,9.1,529,29,161,295,100,3,447,7,10,70.0,7,0,295,1437,647,40,13,0,6,3,333,294,88.3,11,Matches
Paul Nardi,fr FRA,GK,Lorient,26-271,1994,18.0,547,482,545,5,0,0,349,0,0,,0,0,220,1022,595,0,0,0,0,0,167,166,99.4,0,Matches
Keylor Navas,cr CRC,GK,Paris S-G,34-060,1986,15.5,427,399,427,0,0,0,318,1,1,100.0,1,0,197,890,528,0,0,0,0,0,206,204,99.0,0,Matches
Papa Ndiaga Yade,sn SEN,"FW,MF",Metz,21-039,2000,6.3,254,4,37,111,129,24,246,15,21,71.4,15,0,191,1030,639,32,10,6,19,21,283,166,58.7,38,Matches
Bridge Ndilu,fr FRA,"FW,MF",Nantes,20-207,2000,0.5,34,0,4,16,18,3,34,2,4,50.0,2,0,26,138,74,4,1,0,2,1,35,28,80.0,6,Matches
Dan Ndoye,ch SUI,"FW,MF",Nice,20-111,2000,4.5,185,3,27,65,100,32,178,6,16,37.5,7,0,136,741,450,23,1,9,20,10,218,138,63.3,48,Matches
Neymar,br BRA,"FW,MF",Paris S-G,29-008,1992,9.6,817,1,54,402,466,75,760,65,110,59.1,73,13,671,3998,2409,142,44,15,37,30,778,671,86.2,115,Matches
Yvan Neyou,cm CMR,MF,Saint-Étienne,24-041,1997,18.0,1085,18,313,720,149,16,1068,34,47,72.3,38,2,789,4533,2367,92,18,0,11,16,846,792,93.6,35,Matches
Muzinga Ngonda,cd COD,DF,Dijon,26-044,1994,16.5,1287,80,475,675,211,10,1101,30,44,68.2,32,1,741,3204,1839,84,29,3,12,18,727,687,94.5,18,Matches
Ahmad Ngouyamsa,cm CMR,DF,Dijon,20-054,2000,1.6,106,11,50,53,11,0,85,0,2,0.0,0,0,45,207,89,1,0,0,2,0,50,49,98.0,0,Matches
Opa Nguette,sn SEN,"FW,MF",Metz,26-220,1994,12.6,495,7,53,232,252,61,487,35,56,62.5,38,1,371,1628,915,47,17,9,48,56,633,362,57.2,98,Matches
Ibrahima Niane,sn SEN,FW,Metz,21-339,1999,5.2,197,6,13,94,102,32,191,9,18,50.0,10,1,124,576,245,16,4,3,22,12,264,158,59.8,67,Matches
M'Baye Niang,sn SEN,FW,Rennes,26-056,1994,4.7,141,5,11,66,70,26,134,1,4,25.0,1,0,93,286,68,2,0,1,13,13,233,109,46.8,39,Matches
Casimir Ninga,td CHA,FW,Angers,27-272,1993,0.3,15,2,3,9,5,0,15,2,3,66.7,3,0,14,63,56,3,0,0,1,1,18,11,61.1,5,Matches
Arnaud Nordin,fr FRA,"FW,MF",Saint-Étienne,22-241,1998,12.9,487,5,58,234,249,42,468,23,38,60.5,24,2,370,2434,1446,66,27,11,22,30,533,366,68.7,75,Matches
Gerzino Nyamsi,fr FRA,DF,Rennes,24-022,1997,5.3,389,27,188,220,11,2,388,2,4,50.0,2,0,273,1306,666,14,3,0,1,2,302,296,98.0,1,Matches
Steven Nzonzi,fr FRA,MF,Rennes,32-060,1988,19.9,1856,45,480,1269,207,19,1824,3,4,75.0,3,0,1270,4924,2336,93,37,2,7,9,1597,1529,95.7,42,Matches
Jonas Omlin,ch SUI,GK,Montpellier,27-034,1994,18.7,642,573,640,2,0,0,445,1,1,100.0,1,0,284,1508,939,0,0,0,0,0,226,224,99.1,0,Matches
Henry Onyekuru,ng NGA,FW,Monaco,23-253,1997,1.6,46,0,7,22,25,5,46,4,6,66.7,4,0,33,246,166,8,5,1,2,2,68,36,52.9,11,Matches
Otávio,br BRA,MF,Bordeaux,26-285,1994,17.3,1093,62,357,713,84,2,1074,6,12,50.0,7,1,738,2996,1284,33,7,0,8,8,783,751,95.9,3,Matches
Remi Oudin,fr FRA,"FW,MF",Bordeaux,24-087,1996,17.3,862,34,200,402,315,52,822,12,30,40.0,12,1,555,2844,1373,71,19,14,30,21,774,604,78.0,97,Matches
Alexandre Oukidja,dz ALG,GK,Metz,32-209,1988,23.0,789,684,782,8,0,0,507,2,2,100.0,2,0,300,1733,983,0,0,0,1,0,224,223,99.6,0,Matches
Ambroise Oyongo,cm CMR,DF,Montpellier,29-236,1991,6.2,377,35,144,189,69,1,319,2,5,40.0,2,0,227,1093,534,27,5,0,5,4,238,221,92.9,6,Matches
Pablo,br BRA,DF,Bordeaux,29-237,1991,12.0,841,109,499,373,15,12,833,0,0,,0,0,546,2761,1269,14,0,0,5,3,579,566,97.8,0,Matches
Vincent Pajot,fr FRA,MF,Metz,30-178,1990,7.1,413,14,116,256,57,7,394,3,3,100.0,3,0,235,1105,507,19,3,0,1,5,288,261,90.6,10,Matches
Nicolas Pallois,fr FRA,DF,Nantes,33-147,1987,19.8,1122,131,549,597,30,10,1087,13,19,68.4,14,1,647,3546,2063,61,7,0,4,7,638,613,96.1,5,Matches
Jonathan Panzo,eng ENG,DF,Dijon,20-111,2000,13.3,878,163,613,303,14,6,860,6,6,100.0,6,0,541,3137,1599,25,3,0,3,1,588,577,98.1,1,Matches
Lucas Paquetá,br BRA,MF,Lyon,23-170,1997,13.6,831,21,165,490,226,36,817,17,28,60.7,18,1,640,2936,1652,82,18,6,13,23,662,599,90.5,50,Matches
Gaëtan Paquiez,fr FRA,DF,Nîmes,26-364,1994,9.1,438,42,151,214,101,4,346,4,12,33.3,5,0,198,1123,764,28,10,1,7,4,235,200,85.1,5,Matches
Rubén Pardo,es ESP,"MF,FW",Bordeaux,28-114,1992,0.3,15,0,1,9,6,0,14,0,0,,0,0,10,35,6,0,0,0,1,0,12,12,100.0,1,Matches
Leandro Paredes,ar ARG,MF,Paris S-G,26-229,1994,9.3,999,39,219,695,140,1,973,2,4,50.0,2,0,725,3287,1860,61,14,0,5,3,832,820,98.6,7,Matches
Mateo Pavlović,ba BIH,DF,Angers,30-249,1990,5.4,278,37,165,126,6,6,271,0,0,,0,0,161,827,358,5,0,0,1,1,178,173,97.2,3,Matches
Strahinja Pavlović,rs SRB,DF,Monaco,19-265,2001,0.0,3,0,2,0,1,1,3,0,0,,0,0,0,0,0,0,0,0,0,0,1,1,100.0,1,Matches
Dimitri Payet,fr FRA,"FW,MF",Marseille,33-321,1987,12.4,766,16,85,376,358,43,678,23,35,65.7,24,0,521,2615,1550,83,27,12,18,30,691,565,81.8,78,Matches
Yohann Pelé,fr FRA,GK,Marseille,38-101,1982,1.0,27,24,26,1,0,0,21,0,0,,0,0,7,26,25,0,0,0,0,0,11,11,100.0,0,Matches
Pietro Pellegri,it ITA,"FW,MF",Monaco,19-333,2001,2.3,74,0,6,29,47,18,74,3,6,50.0,4,0,49,334,211,10,2,5,6,10,122,58,47.5,20,Matches
Andy Pelmard,fr FRA,DF,Nice,20-338,2000,10.1,793,68,359,450,49,2,746,4,5,80.0,4,0,569,3821,2194,60,8,1,3,4,612,591,96.6,3,Matches
Timothee Pembele,fr FRA,DF,Paris S-G,18-157,2002,4.2,304,21,94,165,70,11,283,7,13,53.8,7,0,213,966,569,26,13,3,5,4,238,225,94.5,6,Matches
Mathias Pereira Lage,pt POR,"FW,MF",Angers,24-075,1996,10.4,422,18,75,213,171,24,415,15,26,57.7,17,0,278,1383,724,30,22,2,19,16,445,285,64.0,57,Matches
Danilo Pereira,pt POR,"DF,MF",Paris S-G,29-157,1991,5.8,495,36,214,290,29,7,490,4,4,100.0,4,1,349,1689,950,23,1,0,1,6,383,377,98.4,2,Matches
Manuel Perez,fr FRA,MF,Lens,29-278,1991,1.4,59,5,13,39,9,0,56,0,0,,0,0,29,120,43,3,1,0,1,2,31,30,96.8,1,Matches
Romain Perraud,fr FRA,DF,Brest,23-144,1997,20.9,1470,83,523,648,433,30,1266,22,38,57.9,25,3,936,5550,3393,116,52,7,15,14,1012,895,88.4,44,Matches
Lucas Perrin,fr FRA,DF,Marseille,22-086,1998,1.5,68,9,37,31,6,3,64,0,0,,0,0,29,160,80,3,1,0,1,0,35,34,97.1,0,Matches
Rayan Philippe,fr FRA,FW,Dijon,20-113,2000,1.0,33,1,1,14,20,8,29,0,1,0.0,0,0,20,50,15,2,1,1,6,6,39,22,56.4,7,Matches
Romain Philippoteaux,fr FRA,FW,Nîmes,32-348,1988,2.4,99,0,14,41,51,9,91,4,10,40.0,4,2,59,236,131,9,3,0,2,1,90,66,73.3,12,Matches
Romain Philippoteaux,fr FRA,"MF,FW",Brest,32-348,1988,5.1,220,6,47,86,103,12,214,5,12,41.7,6,0,157,764,381,19,2,2,11,4,204,155,76.0,31,Matches
Jérémy Pied,fr FRA,DF,Lille,31-356,1989,2.6,227,6,52,121,74,3,198,1,1,100.0,1,0,132,815,492,29,10,0,0,4,159,148,93.1,9,Matches
Ronaël Pierre-Gabriel,fr FRA,DF,Brest,22-245,1998,16.1,1062,60,347,528,253,16,900,30,41,73.2,30,1,671,3033,1751,62,21,4,8,10,700,640,91.4,36,Matches
Maxime Poundjé,fr FRA,DF,Bordeaux,28-181,1992,3.2,190,7,54,108,41,0,166,3,4,75.0,3,0,128,774,452,23,4,0,1,3,134,127,94.8,4,Matches
Sanjin Prcić,ba BIH,MF,Strasbourg,27-085,1993,3.4,225,5,66,141,41,0,212,1,2,50.0,2,0,151,777,417,15,3,0,1,1,158,148,93.7,3,Matches
Nicolas de Préville,fr FRA,"MF,FW",Bordeaux,30-036,1991,11.9,641,6,92,369,240,40,591,24,53,45.3,26,1,448,2513,1373,60,24,8,30,42,635,453,71.3,83,Matches
Anthony Racioppi,ch SUI,GK,Dijon,22-044,1998,15.0,522,481,520,2,0,0,346,1,1,100.0,1,0,197,775,460,0,0,0,1,0,190,188,98.9,0,Matches
Nemanja Radonjić,rs SRB,FW,Marseille,24-364,1996,4.4,211,2,30,92,104,22,207,8,19,42.1,8,1,152,863,620,38,4,7,8,15,244,151,61.9,32,Matches
Aleksandar Radovanović,rs SRB,DF,Lens,27-094,1993,1.0,51,4,27,26,0,0,49,0,0,,0,0,29,138,41,0,0,0,0,0,35,34,97.1,0,Matches
Rafinha,br BRA,MF,Paris S-G,28-001,1993,8.8,771,11,126,443,261,26,743,23,31,74.2,24,3,584,3066,1604,80,25,5,21,19,653,594,91.0,44,Matches
Predrag Rajković,rs SRB,GK,Reims,25-105,1995,22.5,889,723,882,10,0,0,618,0,0,,0,0,413,2287,1095,0,0,0,0,0,374,373,99.7,0,Matches
Jeff Reine-Adélaïde,fr FRA,"MF,FW",Nice,23-027,1998,11.8,751,11,108,465,254,28,723,43,59,72.9,43,3,606,3026,1480,73,27,5,28,43,716,604,84.4,67,Matches
Jeff Reine-Adélaïde,fr FRA,FW,Lyon,23-027,1998,0.3,25,0,1,10,19,1,22,3,5,60.0,3,0,23,130,81,5,3,1,1,0,22,21,95.5,5,Matches
Panagiotis Retsos,gr GRE,DF,Saint-Étienne,22-188,1998,3.0,215,29,116,109,8,2,211,3,3,100.0,3,0,138,917,625,18,3,0,0,1,142,136,95.8,1,Matches
Baptiste Reynet,fr FRA,GK,Nîmes,30-108,1990,23.0,1019,845,1013,8,3,1,749,0,0,,0,0,490,2208,1294,0,0,0,0,0,485,485,100.0,1,Matches
Sergio Rico,es ESP,GK,Paris S-G,27-165,1993,7.5,203,178,202,1,0,0,147,0,0,,0,0,86,315,152,0,0,0,2,0,84,82,97.6,0,Matches
Renaud Ripart,fr FRA,"FW,MF",Nîmes,27-336,1993,19.8,987,55,228,475,346,50,906,22,48,45.8,24,3,565,2588,1319,62,19,4,36,26,819,603,73.6,89,Matches
Mihailo Ristić,rs SRB,DF,Montpellier,25-105,1995,15.8,1004,53,278,487,306,12,856,15,30,50.0,16,3,610,3673,1972,76,30,2,17,20,672,607,90.3,33,Matches
Maxence Rivera,fr FRA,"MF,FW",Saint-Étienne,18-259,2002,2.1,138,2,30,73,51,2,136,4,11,36.4,5,1,92,496,347,13,6,1,11,3,116,94,81.0,18,Matches
Christopher Rocchia,fr FRA,DF,Marseille,23-012,1998,0.1,12,0,1,5,8,0,10,0,1,0.0,0,0,8,36,32,0,0,0,1,1,8,7,87.5,1,Matches
Valentin Rongier,fr FRA,MF,Marseille,26-068,1994,16.8,1305,35,292,874,222,13,1285,19,28,67.9,22,0,812,3990,1976,87,20,3,16,16,1000,911,91.1,38,Matches
Nolan Roux,fr FRA,FW,Nîmes,32-349,1988,7.1,217,4,23,114,91,13,202,3,3,100.0,3,0,125,539,242,13,4,1,15,11,289,147,50.9,50,Matches
Daniele Rugani,it ITA,DF,Rennes,26-199,1994,1.0,70,5,35,40,1,1,69,1,1,100.0,1,0,55,230,131,1,0,0,0,0,51,51,100.0,0,Matches
Kays Ruiz,ma MAR,"FW,MF",Paris S-G,18-171,2002,2.1,209,4,49,121,75,4,209,5,10,50.0,6,2,173,983,552,24,15,1,3,4,198,187,94.4,8,Matches
Georginio Rutter,fr FRA,"FW,MF",Rennes,18-299,2002,0.5,32,0,3,18,15,3,30,0,4,0.0,1,0,16,20,11,1,0,0,5,2,36,20,55.6,4,Matches
Roli Pereira de Sa,fr FRA,MF,Nantes,24-065,1996,0.1,9,0,3,6,1,0,8,0,0,,0,0,7,33,21,0,0,0,0,0,7,7,100.0,0,Matches
Idriss Saadi,dz ALG,"FW,MF",Strasbourg,29-005,1992,1.3,42,0,2,12,29,13,40,2,3,66.7,2,0,29,167,47,4,0,1,2,2,53,32,60.4,17,Matches
Youssouf Sabaly,sn SEN,DF,Bordeaux,27-345,1993,20.5,1464,70,411,803,333,8,1250,24,45,53.3,27,1,920,4161,2457,96,34,3,22,25,995,911,91.6,34,Matches
Hiroki Sakai,jp JPN,DF,Marseille,30-307,1990,20.1,1327,59,370,706,308,23,1094,7,16,43.8,7,0,623,3104,1866,69,18,7,12,18,809,710,87.8,42,Matches
Moïse Sakava,cm CMR,MF,Reims,20-049,2000,0.1,8,0,1,4,4,0,8,0,0,,0,0,5,30,17,1,0,0,0,0,7,7,100.0,0,Matches
William Saliba,fr FRA,DF,Nice,19-326,2001,7.0,548,99,334,271,9,2,531,6,7,85.7,7,0,402,3109,1984,31,3,0,2,2,393,387,98.5,0,Matches
Romain Salin,fr FRA,GK,Rennes,36-199,1984,15.0,579,455,576,5,0,0,419,0,0,,0,0,272,1365,759,0,0,0,0,0,246,245,99.6,0,Matches
Mama Samba Baldé,gw GNB,FW,Dijon,25-099,1995,15.6,540,20,46,258,268,77,518,17,39,43.6,24,2,324,1258,681,38,13,7,53,35,812,383,47.2,117,Matches
Junior Sambia,fr FRA,"DF,MF",Montpellier,24-159,1996,15.4,1002,36,255,523,308,22,859,18,43,41.9,21,3,615,2965,1950,95,38,6,14,27,696,620,89.1,38,Matches
Frédéric Sammaritano,fr FRA,"FW,MF",Dijon,34-327,1986,9.1,446,9,72,228,178,21,414,9,13,69.2,9,1,310,1649,888,49,13,0,14,22,433,326,75.3,66,Matches
Renato Sanches,pt POR,MF,Lille,23-179,1997,8.0,729,22,138,473,177,10,685,15,24,62.5,16,1,568,2575,1570,63,20,4,9,18,603,566,93.9,16,Matches
Morgan Sanson,fr FRA,MF,Marseille,26-179,1994,9.2,452,8,75,271,144,18,439,8,15,53.3,10,1,289,1709,914,43,11,1,22,23,419,310,74.0,47,Matches
Baptiste Santamaria,fr FRA,MF,Angers,25-341,1995,3.0,193,5,45,124,38,3,187,1,1,100.0,1,0,127,658,348,10,4,0,4,4,127,122,96.1,4,Matches
Pablo Sarabia,es ESP,"FW,MF",Paris S-G,28-278,1992,9.9,535,7,47,231,286,62,513,7,15,46.7,8,1,381,1841,1112,72,18,10,19,9,516,422,81.8,98,Matches
Bouna Sarr,gn GUI,DF,Marseille,29-013,1992,0.8,76,4,17,32,31,1,64,2,4,50.0,2,0,51,235,161,7,2,0,4,1,60,47,78.3,4,Matches
Sidy Sarr,sn SEN,MF,Nîmes,24-253,1996,3.7,188,8,60,113,30,6,183,4,4,100.0,4,0,122,554,291,6,1,0,4,2,142,118,83.1,4,Matches
Téji Savanier,fr FRA,MF,Montpellier,29-053,1991,14.6,949,17,139,497,380,34,821,41,60,68.3,44,4,605,3363,1760,77,23,5,28,31,683,598,87.6,65,Matches
Aurélien Scheidler,fr FRA,FW,Dijon,22-254,1998,3.8,113,6,10,68,45,8,104,1,4,25.0,1,0,63,289,102,6,4,0,6,6,172,81,47.1,34,Matches
Morgan Schneiderlin,fr FRA,MF,Nice,31-097,1989,14.8,1108,61,363,702,123,11,1075,6,9,66.7,6,0,737,3323,1584,45,13,1,8,5,829,807,97.3,12,Matches
Jean Seri,ci CIV,MF,Bordeaux,29-209,1991,0.4,30,1,7,24,1,0,29,0,0,,0,0,21,71,44,2,1,0,0,0,25,23,92.0,0,Matches
Mahame Siby,fr FRA,MF,Strasbourg,24-221,1996,0.1,12,0,4,7,2,0,12,0,0,,0,0,11,35,20,2,1,0,1,0,13,10,76.9,0,Matches
Abdoulaye Sidibé,fr FRA,MF,Saint-Étienne,19-004,2002,0.1,4,0,1,2,1,0,4,0,0,,0,0,2,12,8,1,0,0,1,0,5,1,20.0,0,Matches
Djibril Sidibé,fr FRA,DF,Monaco,28-199,1992,11.7,984,47,280,572,209,3,820,4,8,50.0,5,0,570,3345,2042,60,24,1,5,7,629,599,95.2,7,Matches
Kaj Sierhuis,nl NED,FW,Reims,22-292,1998,6.0,196,4,15,85,105,31,190,10,13,76.9,11,1,118,476,238,15,8,1,19,12,238,144,60.5,45,Matches
Caio Henrique Oliveira Silva,br BRA,DF,Monaco,23-197,1997,12.7,785,26,218,376,250,17,665,4,9,44.4,6,0,493,3001,1755,84,23,5,16,6,527,468,88.8,47,Matches
Florent da Silva,fr FRA,FW,Lyon,17-317,2003,0.0,1,0,0,0,1,0,1,0,0,,0,0,1,1,0,0,0,0,0,0,1,1,100.0,0,Matches
Gabriel Silva,br BRA,DF,Saint-Étienne,29-276,1991,0.9,55,1,15,33,11,0,41,1,1,100.0,1,0,31,123,65,2,1,0,2,0,35,31,88.6,3,Matches
Mohamed Simakan,fr FRA,DF,Strasbourg,20-286,2000,17.9,1042,102,451,553,110,27,978,10,15,66.7,10,1,704,4352,2592,73,13,4,5,8,671,638,95.1,19,Matches
Moses Simon,ng NGA,"MF,FW",Nantes,25-216,1995,14.2,548,13,83,225,290,62,514,22,43,51.2,23,2,395,2715,1723,93,22,26,25,30,549,369,67.2,79,Matches
Ibrahima Sissoko,fr FRA,MF,Strasbourg,23-109,1997,19.6,984,50,260,621,177,24,972,12,20,60.0,12,1,629,3287,1679,77,26,3,17,22,674,610,90.5,28,Matches
Nelson Sissoko,fr FRA,DF,Saint-Étienne,23-343,1997,5.3,336,18,116,182,63,1,274,6,11,54.5,6,1,186,1084,556,24,8,0,3,3,179,173,96.6,9,Matches
Petar Škuletić,rs SRB,"FW,MF",Montpellier,30-229,1990,1.0,47,1,5,22,23,13,45,0,0,,0,0,23,66,23,2,1,1,5,2,74,38,51.4,9,Matches
Islam Slimani,dz ALG,FW,Lyon,32-240,1988,0.8,55,0,0,20,36,8,53,0,1,0.0,1,0,31,91,43,3,0,1,5,0,64,46,71.9,6,Matches
Brandon Soppy,fr FRA,"DF,MF",Rennes,18-358,2002,4.1,316,20,98,157,81,6,275,7,14,50.0,7,0,196,876,547,33,8,3,4,7,203,181,89.2,10,Matches
Florian Sotoca,fr FRA,FW,Lens,30-111,1990,19.7,943,15,65,484,450,108,916,20,36,55.6,21,0,580,2926,1340,70,26,9,46,28,1081,738,68.3,224,Matches
Cheick Souaré,fr FRA,MF,Marseille,18-163,2002,0.1,6,0,1,3,2,0,6,0,0,,0,0,1,13,0,0,0,0,0,0,2,2,100.0,0,Matches
Rayan Souici,fr FRA,DF,Saint-Étienne,22-351,1998,0.1,9,0,3,7,0,0,9,0,0,,0,0,6,23,17,0,0,0,0,0,5,5,100.0,0,Matches
Adama Soumaoro,fr FRA,DF,Lille,28-240,1992,1.6,130,6,59,73,4,1,128,0,0,,0,0,94,313,139,3,1,0,0,0,102,101,99.0,0,Matches
Boubakary Soumaré,fr FRA,MF,Lille,21-352,1999,12.7,1039,24,160,789,154,7,1023,16,19,84.2,16,0,720,4272,1949,84,21,0,7,17,849,806,94.9,24,Matches
Yaya Soumaré,fr FRA,FW,Lyon,21-021,2000,0.0,1,0,0,1,0,0,1,0,0,,0,0,1,0,0,0,0,0,0,0,2,1,50.0,0,Matches
Arnaud Souquet,fr FRA,DF,Montpellier,29-001,1992,10.5,602,36,196,257,181,7,487,6,12,50.0,6,1,287,1617,1039,47,15,1,15,13,347,312,89.9,21,Matches
Saidou Sow,gn GUI,DF,Saint-Étienne,18-224,2002,7.1,442,45,257,205,4,0,435,2,2,100.0,2,0,269,1416,618,10,0,0,3,1,278,270,97.1,0,Matches
Kevin Strootman,nl NED,MF,Marseille,31-000,1990,2.6,218,14,51,148,29,4,213,2,3,66.7,2,0,124,550,298,10,1,1,2,5,164,154,93.9,3,Matches
Issiaga Sylla,gn GUI,DF,Lens,27-043,1994,11.2,764,29,165,396,256,19,633,21,34,61.8,21,0,423,2120,1245,61,25,2,12,15,514,425,82.7,39,Matches
Eddy Sylvestre,fr FRA,"FW,MF",Nice,21-168,1999,1.1,47,0,5,25,20,2,44,1,2,50.0,1,0,34,105,45,4,1,0,2,2,50,38,76.0,5,Matches
Flavien Tait,fr FRA,"MF,FW",Rennes,28-011,1993,6.6,418,5,61,239,151,24,400,15,25,60.0,15,0,310,1711,1042,62,17,4,13,16,367,310,84.5,37,Matches
Heriberto Tavares,pt POR,"MF,FW",Brest,23-360,1997,0.5,20,0,2,11,8,2,19,0,1,0.0,1,0,12,30,9,1,0,0,2,1,16,14,87.5,2,Matches
Warren Tchimbembé,fr FRA,"MF,FW",Metz,22-298,1998,4.9,263,8,70,164,52,6,257,2,3,66.7,2,0,183,1081,591,23,11,0,6,8,229,190,83.0,10,Matches
Aurélien Tchouaméni,fr FRA,MF,Monaco,21-017,2000,21.5,1408,45,301,922,274,40,1384,19,25,76.0,20,0,925,4902,2185,96,27,3,15,28,1038,958,92.3,44,Matches
Martin Terrier,fr FRA,"FW,MF",Rennes,23-346,1997,14.1,603,2,44,281,315,67,592,17,31,54.8,18,0,396,1911,1066,53,19,11,31,23,687,468,68.1,125,Matches
Kenny Tete,nl NED,DF,Lyon,25-127,1995,0.2,31,1,10,12,10,1,27,0,0,,0,0,20,82,21,1,0,1,1,2,19,19,100.0,2,Matches
Florian Thauvin,fr FRA,"FW,MF",Marseille,28-018,1993,18.0,1070,8,96,514,534,74,977,46,76,60.5,48,4,750,3987,2241,129,36,19,46,53,1059,800,75.5,131,Matches
Sada Thioub,sn SEN,"FW,MF",Angers,25-257,1995,10.0,616,12,112,292,276,42,609,33,58,56.9,35,1,512,3036,1801,91,26,10,34,37,570,472,82.8,75,Matches
Romain Thomas,fr FRA,DF,Angers,32-246,1988,19.6,1118,174,666,486,15,13,1087,4,5,80.0,4,0,627,2820,1314,14,0,0,5,5,705,663,94.0,4,Matches
Adrien Thomasson,fr FRA,MF,Strasbourg,27-065,1993,16.4,837,5,89,431,358,71,814,14,31,45.2,14,0,600,2217,880,47,15,7,33,36,824,613,74.4,114,Matches
Khéphren Thuram-Ulie,fr FRA,MF,Nice,19-324,2001,11.3,801,23,206,545,109,4,791,9,11,81.8,10,0,524,2898,1483,46,15,1,4,7,658,624,94.8,18,Matches
Cheikh Tidiane Sabaly,sn SEN,MF,Metz,21-346,1999,0.1,8,0,1,3,6,0,8,0,0,,0,0,8,34,19,1,1,0,1,1,7,7,100.0,1,Matches
Jean-Clair Todibo,fr FRA,DF,Nice,21-045,1999,1.8,144,23,100,53,3,1,141,0,1,0.0,0,0,107,620,320,2,1,0,0,0,105,104,99.0,0,Matches
Karl Toko Ekambi,cm CMR,FW,Lyon,28-152,1992,18.3,765,4,77,384,378,115,756,34,52,65.4,36,1,570,3745,2260,126,40,30,36,29,877,621,70.8,147,Matches
Tyron Tormin,fr FRA,"MF,FW",Saint-Étienne,19-229,2001,0.2,10,0,2,7,1,0,10,0,0,,0,0,5,21,5,0,0,0,0,0,17,7,41.2,0,Matches
Abdoulaye Touré,fr FRA,MF,Nantes,26-347,1994,12.6,838,26,147,594,146,15,834,12,19,63.2,13,2,558,2340,1181,56,17,0,14,14,692,631,91.2,24,Matches
Amadou Traore,fr FRA,"MF,FW",Bordeaux,18-343,2002,1.2,53,2,10,20,26,7,52,3,8,37.5,3,0,41,228,132,6,2,1,3,6,63,39,61.9,10,Matches
Charles Traore,ml MLI,DF,Nantes,29-043,1992,10.4,719,32,230,372,154,4,611,3,8,37.5,4,0,361,1560,935,37,11,1,7,11,409,382,93.4,9,Matches
Hamari Traoré,ml MLI,DF,Rennes,29-017,1992,19.5,1692,31,336,957,510,26,1458,15,19,78.9,17,0,1022,5009,2947,158,59,4,14,13,1175,1091,92.9,71,Matches
Ismaël Traoré,ci CIV,DF,Angers,34-179,1986,23.0,1349,161,732,648,60,20,1302,10,13,76.9,10,0,921,4267,2224,50,10,1,5,2,904,887,98.1,9,Matches
Miguel Trauco,pe PER,DF,Saint-Étienne,28-172,1992,12.9,966,26,292,480,250,10,825,5,11,45.5,5,0,601,2346,1305,45,14,1,9,10,634,588,92.7,17,Matches
Alexis Trouillet,fr FRA,MF,Nice,20-052,2000,0.7,65,0,8,45,20,3,63,1,2,50.0,1,0,56,302,176,7,3,1,2,0,57,52,91.2,7,Matches
Adrien Truffert,fr FRA,"DF,MF",Rennes,19-085,2001,12.1,826,16,178,390,308,31,728,9,15,60.0,9,0,523,2536,1345,76,18,4,12,20,616,547,88.8,39,Matches
Marvin Tshibuabua,fr FRA,DF,Saint-Étienne,19-036,2002,0.5,27,5,19,5,3,2,27,1,1,100.0,1,0,8,44,39,0,0,0,1,0,15,14,93.3,0,Matches
Matthieu Udol,fr FRA,DF,Metz,24-330,1996,12.0,746,33,227,355,215,12,618,16,21,76.2,16,2,407,2533,1654,74,29,7,10,17,430,396,92.1,17,Matches
Hwang Ui-jo,kr KOR,"FW,MF",Bordeaux,28-169,1992,15.3,462,13,61,230,202,63,449,17,37,45.9,19,1,333,1529,867,48,9,11,31,12,605,356,58.8,89,Matches
Marco Verratti,it ITA,MF,Paris S-G,28-100,1992,12.6,1582,32,240,1038,423,35,1555,25,29,86.2,26,1,1281,5739,3241,160,45,6,9,24,1400,1339,95.6,52,Matches
Kevin Volland,de GER,"FW,MF",Monaco,28-198,1992,18.3,678,5,51,331,329,105,667,15,29,51.7,16,0,421,1732,912,48,17,13,51,31,874,519,59.4,147,Matches
Franklin Wadja,cm CMR,MF,Lorient,25-288,1995,0.3,30,2,9,18,5,0,30,1,2,50.0,1,0,12,35,20,2,1,0,3,0,20,16,80.0,1,Matches
Timothy Weah,us USA,"MF,FW",Lille,20-357,2000,4.9,214,2,31,97,96,20,209,2,3,66.7,2,0,127,695,347,20,3,4,11,8,235,151,64.3,33,Matches
Yoane Wissa,cd COD,"FW,MF",Lorient,24-163,1996,18.3,692,18,115,378,258,65,684,32,51,62.7,34,2,484,2604,1685,84,25,16,43,31,695,475,68.3,113,Matches
Xeka,pt POR,MF,Lille,26-095,1994,7.9,549,21,90,391,98,11,533,2,2,100.0,2,0,363,2023,916,39,5,1,7,7,436,405,92.9,10,Matches
Yusuf Yazıcı,tr TUR,"FW,MF",Lille,24-015,1997,8.6,458,6,29,179,281,40,395,6,19,31.6,7,2,278,1277,721,45,21,0,19,15,471,310,65.8,78,Matches
Burak Yılmaz,tr TUR,FW,Lille,35-213,1985,14.9,541,17,35,248,287,74,514,7,15,46.7,7,1,309,1574,793,50,16,10,40,19,722,415,57.5,122,Matches
Wilitty Younoussa,cm CMR,"DF,MF",Dijon,19-157,2001,0.2,12,0,1,7,5,2,12,1,1,100.0,1,0,12,73,45,3,1,1,1,3,11,9,81.8,5,Matches
Zaydou Youssouf,fr FRA,MF,Saint-Étienne,21-217,1999,9.0,445,14,123,259,89,2,432,14,18,77.8,14,0,328,1653,675,23,2,1,11,23,366,319,87.2,18,Matches
Arber Zeneli,xk KVX,"MF,FW",Reims,25-354,1995,9.4,394,5,70,162,201,37,355,31,50,62.0,34,3,302,1740,1066,57,13,14,27,18,379,265,69.9,58,Matches
Mehdi Zerkane,dz ALG,"FW,MF",Bordeaux,21-213,1999,6.8,391,5,58,250,114,13,385,14,24,58.3,15,0,313,1941,900,43,11,0,12,13,355,308,86.8,25,Matches
Kévin Zohi,ml MLI,"FW,MF",Strasbourg,24-056,1996,4.3,225,1,25,119,96,16,222,14,25,56.0,17,1,170,834,486,32,7,5,8,9,211,167,79.1,23,Matches
